Fecha,trm,brent
01/01/2008,2014.76,97.01
02/01/2008,2014.76,97.01
03/01/2008,2012.82,98.45
04/01/2008,2013.27,96.87
07/01/2008,2013.98,94.19
08/01/2008,2013.98,96.37
09/01/2008,2000.91,96.76
10/01/2008,2004.70,92.8
11/01/2008,2003.74,91.86
14/01/2008,1985.35,92.58
15/01/2008,1949.43,90.87
16/01/2008,1948.91,88.1
17/01/2008,1960.49,88.96
18/01/2008,1947.60,89.66
21/01/2008,1968.13,89.66
22/01/2008,1968.13,88.11
23/01/2008,2007.41,87.06
24/01/2008,2005.08,87.69
25/01/2008,1970.65,90.96
28/01/2008,1961.30,90.91
29/01/2008,1969.65,92.49
30/01/2008,1946.54,92.46
31/01/2008,1939.60,91.58
01/02/2008,1939.77,91.41
04/02/2008,1921.94,91.09
05/02/2008,1917.26,89.6
06/02/2008,1928.30,88.73
07/02/2008,1929.70,88.55
08/02/2008,1935.49,91.45
11/02/2008,1923.08,93.93
12/02/2008,1912.80,94.28
13/02/2008,1901.38,93.82
14/02/2008,1898.40,95.92
15/02/2008,1894.87,96.96
18/02/2008,1905.37,96.96
19/02/2008,1905.37,97.03
20/02/2008,1890.74,97.88
21/02/2008,1910.81,97.52
22/02/2008,1895.85,96.07
25/02/2008,1892.00,97.43
26/02/2008,1887.97,99.05
27/02/2008,1879.19,98.28
28/02/2008,1854.87,99.83
29/02/2008,1843.59,100.9
03/03/2008,1845.17,101.83
04/03/2008,1849.46,98.6
05/03/2008,1841.61,100.95
06/03/2008,1856.69,103.47
07/03/2008,1880.12,104.66
10/03/2008,1902.17,105.33
11/03/2008,1864.78,106.78
12/03/2008,1865.98,107.99
13/03/2008,1853.41,109.18
14/03/2008,1856.01,109.16
17/03/2008,1843.95,104.41
18/03/2008,1857.55,105.35
19/03/2008,1823.11,102.65
20/03/2008,1815.65,99.78
21/03/2008,1815.65,99.78
24/03/2008,1815.65,100.93
25/03/2008,1815.65,99.91
26/03/2008,1835.01,102.83
27/03/2008,1821.31,103.89
28/03/2008,1810.68,102.68
31/03/2008,1821.60,102.33
01/04/2008,1834.96,98.69
02/04/2008,1827.94,98.85
03/04/2008,1826.34,102.31
04/04/2008,1824.39,102.21
07/04/2008,1816.28,105.98
08/04/2008,1811.23,105.05
09/04/2008,1812.85,107.46
10/04/2008,1799.07,107.37
11/04/2008,1791.63,107.15
14/04/2008,1792.49,108.32
15/04/2008,1792.69,110.84
16/04/2008,1797.89,110.95
17/04/2008,1798.89,111.34
18/04/2008,1792.87,110.67
21/04/2008,1785.17,111.35
22/04/2008,1780.79,113.54
23/04/2008,1775.08,115.34
24/04/2008,1765.30,114.85
25/04/2008,1765.75,116.62
28/04/2008,1775.22,115.7
29/04/2008,1767.73,113.86
30/04/2008,1780.21,111.12
01/05/2008,1767.27,107.3
02/05/2008,1767.27,111.92
05/05/2008,1756.25,115.68
06/05/2008,1756.25,119.88
07/05/2008,1769.32,120.27
08/05/2008,1787.62,119.85
09/05/2008,1793.13,123.54
12/05/2008,1781.79,122.89
13/05/2008,1781.29,123.11
14/05/2008,1780.01,121.18
15/05/2008,1787.65,122.76
16/05/2008,1792.94,122.98
19/05/2008,1785.04,122.19
20/05/2008,1779.35,124.12
21/05/2008,1787.59,127.28
22/05/2008,1779.48,129.04
23/05/2008,1779.59,129.72
26/05/2008,1777.98,129.72
27/05/2008,1777.98,128.92
28/05/2008,1772.55,128.93
29/05/2008,1767.41,129.33
30/05/2008,1755.95,127.85
02/06/2008,1744.01,128.5
03/06/2008,1744.01,126.28
04/06/2008,1730.61,121.72
05/06/2008,1728.76,122.36
06/06/2008,1709.95,132.81
09/06/2008,1702.44,134.43
10/06/2008,1687.13,135.24
11/06/2008,1696.79,134.52
12/06/2008,1700.94,132.11
13/06/2008,1705.35,134.29
16/06/2008,1707.87,133.9
17/06/2008,1684.52,131.27
18/06/2008,1655.42,129.12
19/06/2008,1652.41,131.84
20/06/2008,1670.31,134.28
23/06/2008,1678.82,134.54
24/06/2008,1713.63,135.37
25/06/2008,1748.04,131.59
26/06/2008,1783.44,136.82
27/06/2008,1832.81,139.38
30/06/2008,1923.02,138.4
01/07/2008,1923.02,140.67
02/07/2008,1915.44,141.24
03/07/2008,1818.60,143.95
04/07/2008,1748.43,143.95
07/07/2008,1748.43,139.62
08/07/2008,1719.48,134.15
09/07/2008,1736.49,133.91
10/07/2008,1728.74,135.81
11/07/2008,1768.09,143.68
14/07/2008,1778.80,142.43
15/07/2008,1753.51,136.02
16/07/2008,1777.17,133.31
17/07/2008,1768.53,134.16
18/07/2008,1757.79,129.34
21/07/2008,1788.24,129.34
22/07/2008,1802.01,127.18
23/07/2008,1797.43,126.86
24/07/2008,1772.25,125.43
25/07/2008,1777.10,124.7
28/07/2008,1785.17,125.67
29/07/2008,1764.48,125.77
30/07/2008,1789.68,122.46
31/07/2008,1792.24,124.1
01/08/2008,1800.54,124.16
04/08/2008,1779.97,121.87
05/08/2008,1771.31,116.5
06/08/2008,1772.16,114.47
07/08/2008,1782.92,116.94
08/08/2008,1782.92,113.03
11/08/2008,1816.25,110.54
12/08/2008,1821.76,108.98
13/08/2008,1836.25,110.68
14/08/2008,1854.16,111.82
15/08/2008,1853.45,108.8
18/08/2008,1882.11,109.33
19/08/2008,1882.11,109.02
20/08/2008,1891.99,108.72
21/08/2008,1880.69,117.24
22/08/2008,1864.26,113.99
25/08/2008,1872.07,109.74
26/08/2008,1873.94,112.2
27/08/2008,1892.06,113.05
28/08/2008,1887.71,113.54
29/08/2008,1907.97,113.49
01/09/2008,1932.20,113.49
02/09/2008,1932.20,104.94
03/09/2008,1975.10,103.88
04/09/2008,1992.59,103.41
05/09/2008,2017.53,102.51
08/09/2008,2041.81,101.08
09/09/2008,2031.12,98.94
10/09/2008,2071.24,96
11/09/2008,2081.32,96.01
12/09/2008,2082.46,94.37
15/09/2008,2051.55,90.45
16/09/2008,2071.29,85.85
17/09/2008,2109.37,86.09
18/09/2008,2139.14,90.89
19/09/2008,2187.01,93.46
22/09/2008,2067.45,100.43
23/09/2008,2045.85,100.72
24/09/2008,2077.59,102.09
25/09/2008,2147.41,100.45
26/09/2008,2118.31,100.88
29/09/2008,2105.61,95.96
30/09/2008,2174.62,93.52
01/10/2008,2184.76,92.19
02/10/2008,2166.05,88.88
03/10/2008,2192.69,88.95
06/10/2008,2160.08,84.71
07/10/2008,2250.73,83.17
08/10/2008,2261.96,80.77
09/10/2008,2326.41,81.65
10/10/2008,2254.24,74.58
13/10/2008,2318.63,74.37
14/10/2008,2318.63,74.98
15/10/2008,2223.94,66.86
16/10/2008,2316.54,64.14
17/10/2008,2304.68,66.05
20/10/2008,2271.98,67.45
21/10/2008,2243.49,65.99
22/10/2008,2296.32,62.95
23/10/2008,2346.47,65.06
24/10/2008,2361.01,60.57
27/10/2008,2386.48,59.34
28/10/2008,2379.24,58.87
29/10/2008,2382.31,64
30/10/2008,2374.10,60.86
31/10/2008,2359.52,60
03/11/2008,2392.28,60.32
04/11/2008,2392.28,62.78
05/11/2008,2351.56,61.09
06/11/2008,2327.78,56.14
07/11/2008,2342.65,56.84
10/11/2008,2317.34,57.08
11/11/2008,2281.24,54.76
12/11/2008,2281.24,52.47
13/11/2008,2335.02,51.32
14/11/2008,2329.82,50.7
17/11/2008,2308.65,50.82
18/11/2008,2308.65,49.1
19/11/2008,2329.90,48.35
20/11/2008,2342.18,45.79
21/11/2008,2359.26,44.91
24/11/2008,2355.71,49.51
25/11/2008,2314.72,47.51
26/11/2008,2307.37,49.39
27/11/2008,2324.10,49.39
28/11/2008,2324.10,47.72
01/12/2008,2318.00,47.58
02/12/2008,2320.12,45.64
03/12/2008,2315.35,44.39
04/12/2008,2317.48,43.83
05/12/2008,2323.28,37.04
08/12/2008,2333.54,40.02
09/12/2008,2333.54,39.77
10/12/2008,2311.70,39.34
11/12/2008,2302.93,43.54
12/12/2008,2278.29,42.38
15/12/2008,2273.24,45.02
16/12/2008,2254.50,42
17/12/2008,2223.30,41.84
18/12/2008,2173.86,40.19
19/12/2008,2163.14,39.52
22/12/2008,2167.35,38.08
23/12/2008,2169.83,35.27
24/12/2008,2180.49,34.45
25/12/2008,2198.09,34.45
26/12/2008,2198.09,33.73
29/12/2008,2204.95,34.16
30/12/2008,2234.00,35.22
31/12/2008,2243.59,35.82
01/01/2009,2243.59,35.82
02/01/2009,2243.59,42.94
05/01/2009,2234.81,45.84
06/01/2009,2227.24,48.89
07/01/2009,2197.72,46.23
08/01/2009,2214.13,42.94
09/01/2009,2220.82,42.34
12/01/2009,2216.23,40.86
13/01/2009,2216.23,43.05
14/01/2009,2226.87,42.27
15/01/2009,2234.40,42.32
16/01/2009,2249.64,43.42
19/01/2009,2227.68,43.42
20/01/2009,2227.68,41.22
21/01/2009,2245.28,39.9
22/01/2009,2245.97,42.42
23/01/2009,2247.87,43.13
26/01/2009,2280.77,48
27/01/2009,2280.43,42.86
28/01/2009,2310.83,42.86
29/01/2009,2341.09,43.13
30/01/2009,2386.58,44.17
02/02/2009,2420.26,42.96
03/02/2009,2450.78,43.15
04/02/2009,2443.67,43.68
05/02/2009,2469.02,43.92
06/02/2009,2472.65,44.49
09/02/2009,2449.49,47.23
10/02/2009,2450.60,45.88
11/02/2009,2494.07,44.24
12/02/2009,2537.82,47.23
13/02/2009,2520.06,43.36
16/02/2009,2509.50,43.36
17/02/2009,2509.50,39.69
18/02/2009,2554.40,39.41
19/02/2009,2558.14,42.36
20/02/2009,2547.40,42.19
23/02/2009,2588.31,41.27
24/02/2009,2572.30,40.18
25/02/2009,2596.37,42.37
26/02/2009,2575.50,45.15
27/02/2009,2555.05,44.41
02/03/2009,2555.89,42.6
03/03/2009,2590.97,42.72
04/03/2009,2588.96,46.07
05/03/2009,2589.48,44.45
06/03/2009,2572.92,43.48
09/03/2009,2548.57,44.55
10/03/2009,2559.36,44.99
11/03/2009,2525.06,43.2
12/03/2009,2506.73,42.19
13/03/2009,2481.26,44.97
16/03/2009,2445.30,44.12
17/03/2009,2390.96,45.53
18/03/2009,2390.98,45.22
19/03/2009,2383.15,48.03
20/03/2009,2335.29,49.27
23/03/2009,2340.83,51.84
24/03/2009,2340.83,51.32
25/03/2009,2353.21,51.46
26/03/2009,2379.94,51.89
27/03/2009,2435.81,50.81
30/03/2009,2485.56,49.05
31/03/2009,2561.21,46.13
01/04/2009,2544.24,45.92
02/04/2009,2534.99,50.89
03/04/2009,2451.72,50.48
06/04/2009,2422.71,50.91
07/04/2009,2408.42,50.62
08/04/2009,2416.63,52.06
09/04/2009,2388.11,52.33
10/04/2009,2388.11,52.33
13/04/2009,2388.11,50.73
14/04/2009,2392.22,52.06
15/04/2009,2394.27,51.31
16/04/2009,2380.69,51.83
17/04/2009,2344.98,52.02
20/04/2009,2343.34,49.06
21/04/2009,2376.38,48.69
22/04/2009,2338.60,48.5
23/04/2009,2318.83,48.29
24/04/2009,2300.74,50.29
27/04/2009,2283.20,48.67
28/04/2009,2325.02,48.64
29/04/2009,2332.47,50.22
30/04/2009,2289.73,50.3
01/05/2009,2288.64,51.75
04/05/2009,2288.64,53.26
05/05/2009,2272.55,53.16
06/05/2009,2256.99,55.07
07/05/2009,2233.50,56.63
08/05/2009,2208.98,56.02
11/05/2009,2210.35,55.99
12/05/2009,2220.92,56.52
13/05/2009,2221.40,56.84
14/05/2009,2257.36,56.25
15/05/2009,2251.53,56.33
18/05/2009,2252.80,56.51
19/05/2009,2255.22,57.12
20/05/2009,2221.27,59.1
21/05/2009,2196.21,58.02
22/05/2009,2206.60,58.7
25/05/2009,2201.44,58.7
26/05/2009,2201.44,59.05
27/05/2009,2213.89,61.28
28/05/2009,2208.89,63.47
29/05/2009,2190.45,64.98
01/06/2009,2140.66,66.6
02/06/2009,2109.42,67.67
03/06/2009,2077.02,66.15
04/06/2009,2073.55,67.68
05/06/2009,2072.00,67.77
08/06/2009,2063.10,67.61
09/06/2009,2091.10,68.94
10/06/2009,2060.18,70.52
11/06/2009,2042.19,71.71
12/06/2009,2026.17,70.62
15/06/2009,2015.40,68.49
16/06/2009,2015.40,70.52
17/06/2009,2014.91,68.95
18/06/2009,2071.29,69.96
19/06/2009,2074.72,70.48
22/06/2009,2108.20,66.13
23/06/2009,2108.20,66.36
24/06/2009,2165.00,68.47
25/06/2009,2158.72,68.82
26/06/2009,2188.50,68.1
29/06/2009,2158.67,69.75
30/06/2009,2158.67,68.11
01/07/2009,2145.21,68.52
02/07/2009,2111.71,65.74
03/07/2009,2096.23,65.74
06/07/2009,2086.36,63.12
07/07/2009,2109.08,61.54
08/07/2009,2090.35,59.71
09/07/2009,2108.20,59.17
10/07/2009,2105.36,58.43
13/07/2009,2116.99,58.25
14/07/2009,2085.74,60.48
15/07/2009,2054.19,61.25
16/07/2009,2018.93,62.02
17/07/2009,2025.71,63.54
20/07/2009,2006.82,64.64
21/07/2009,2006.82,65.93
22/07/2009,1986.35,65.36
23/07/2009,1975.05,68.06
24/07/2009,1953.12,68.82
27/07/2009,1970.11,69.78
28/07/2009,1982.43,68.53
29/07/2009,2013.82,65.79
30/07/2009,2073.92,68.82
31/07/2009,2043.37,70.08
03/08/2009,2040.95,72.9
04/08/2009,2008.96,73.82
05/08/2009,1992.98,74.39
06/08/2009,1987.84,74.61
07/08/2009,1997.01,74.21
10/08/2009,1997.01,73.79
11/08/2009,2022.56,71.58
12/08/2009,2050.45,74.03
13/08/2009,2026.45,73.76
14/08/2009,1999.98,71.33
17/08/2009,2016.09,68.65
18/08/2009,2016.09,68.66
19/08/2009,2037.10,72.81
20/08/2009,2041.91,73.75
21/08/2009,2012.67,73.71
24/08/2009,1997.31,74.34
25/08/2009,1997.44,73.1
26/08/2009,2007.20,70.74
27/08/2009,2044.79,70.68
28/08/2009,2043.65,72.8
31/08/2009,2035.00,69.02
01/09/2009,2057.81,68.78
02/09/2009,2068.96,67.6
03/09/2009,2065.73,66.78
04/09/2009,2029.75,65.84
07/09/2009,2018.72,65.84
08/09/2009,2018.72,69.2
09/09/2009,1994.44,69.76
10/09/2009,1998.17,68.96
11/09/2009,2008.95,68.76
14/09/2009,1985.38,66.91
15/09/2009,1998.99,66.53
16/09/2009,1986.86,68.51
17/09/2009,1960.76,71.56
18/09/2009,1962.60,70.72
21/09/2009,1951.38,68.11
22/09/2009,1950.77,69.65
23/09/2009,1914.47,67.43
24/09/2009,1911.66,64.99
25/09/2009,1922.50,64.6
28/09/2009,1926.59,65.43
29/09/2009,1921.64,64.63
30/09/2009,1922.00,65.82
01/10/2009,1925.49,67.12
02/10/2009,1918.87,66.5
05/10/2009,1919.75,65.26
06/10/2009,1925.57,68.51
07/10/2009,1906.59,67.65
08/10/2009,1897.31,68.47
09/10/2009,1870.96,69.45
12/10/2009,1857.21,70.75
13/10/2009,1857.21,70.81
14/10/2009,1825.68,72.16
15/10/2009,1830.38,73.14
16/10/2009,1838.26,74.58
19/10/2009,1843.81,75.86
20/10/2009,1858.40,76.51
21/10/2009,1913.98,77.74
22/10/2009,1910.04,78.36
23/10/2009,1914.89,77.72
26/10/2009,1924.35,76.45
27/10/2009,1932.81,76.69
28/10/2009,1977.26,75.11
29/10/2009,2006.18,77.18
30/10/2009,2004.37,74.91
02/11/2009,1993.80,75.56
03/11/2009,1993.80,75.68
04/11/2009,2008.72,78.21
05/11/2009,1963.70,78.02
06/11/2009,1958.24,75.51
09/11/2009,1981.61,77.18
10/11/2009,1968.45,77.07
11/11/2009,1969.52,76.99
12/11/2009,1969.52,75.18
13/11/2009,1976.89,74.81
16/11/2009,1971.27,77.14
17/11/2009,1971.27,77.36
18/11/2009,1966.22,78.64
19/11/2009,1953.45,76.45
20/11/2009,1962.33,75.61
23/11/2009,1974.47,78.14
24/11/2009,1964.92,75.35
25/11/2009,1969.01,76.57
26/11/2009,1974.14,76.57
27/11/2009,1974.14,76
30/11/2009,1997.47,77.77
01/12/2009,1998.45,78.68
02/12/2009,1990.29,76.96
03/12/2009,1990.80,77.76
04/12/2009,1989.94,77.74
07/12/2009,2003.94,76.18
08/12/2009,2009.45,74.93
09/12/2009,2009.45,73.63
10/12/2009,2016.73,70.91
11/12/2009,2016.17,70.07
14/12/2009,2000.54,71.19
15/12/2009,1992.10,71.33
16/12/2009,2001.86,73.34
17/12/2009,2005.09,71.28
18/12/2009,2015.74,71.87
21/12/2009,2025.85,72.74
22/12/2009,2030.17,71.64
23/12/2009,2054.10,73.87
24/12/2009,2045.07,75.15
25/12/2009,2043.41,75.15
28/12/2009,2043.41,76.59
29/12/2009,2037.92,76.65
30/12/2009,2046.20,77.62
31/12/2009,2044.23,77.91
01/01/2010,2044.23,77.91
04/01/2010,2044.23,79.05
05/01/2010,2021.21,79.27
06/01/2010,1992.78,80.14
07/01/2010,1971.32,80.57
08/01/2010,1969.08,80.06
11/01/2010,1968.24,80.14
12/01/2010,1968.24,79.38
13/01/2010,1959.43,77.57
14/01/2010,1965.81,77.61
15/01/2010,1974.13,76.85
18/01/2010,1967.40,76.85
19/01/2010,1967.40,75.18
20/01/2010,1957.82,75.09
21/01/2010,1964.18,74.13
22/01/2010,1967.08,72.73
25/01/2010,1981.96,72.18
26/01/2010,1961.97,72.63
27/01/2010,1972.22,72.75
28/01/2010,1988.05,70.65
29/01/2010,1991.21,71.2
01/02/2010,1982.29,71.58
02/02/2010,1972.60,73.94
03/02/2010,1959.93,75.77
04/02/2010,1966.02,71.3
05/02/2010,1984.16,70.11
08/02/2010,1997.13,69.62
09/02/2010,2003.76,70.4
10/02/2010,1981.40,70.4
11/02/2010,1965.03,72.35
12/02/2010,1943.60,71.49
15/02/2010,1936.90,71.49
16/02/2010,1936.90,74.82
17/02/2010,1925.79,74.89
18/02/2010,1928.79,76.61
19/02/2010,1930.94,76.88
22/02/2010,1928.86,76.95
23/02/2010,1914.87,76.44
24/02/2010,1924.75,77
25/02/2010,1932.15,74.38
26/02/2010,1941.98,76.36
01/03/2010,1932.32,76.07
02/03/2010,1913.86,77.5
03/03/2010,1895.86,78.66
04/03/2010,1916.41,77.88
05/03/2010,1928.33,79.2
08/03/2010,1902.31,78.94
09/03/2010,1894.44,78.77
10/03/2010,1894.30,80.29
11/03/2010,1888.05,79.44
12/03/2010,1894.79,79.38
15/03/2010,1892.99,77.08
16/03/2010,1899.75,79.45
17/03/2010,1896.15,80.28
18/03/2010,1893.42,80.09
19/03/2010,1900.55,78.37
22/03/2010,1907.06,78.09
23/03/2010,1907.06,79.17
24/03/2010,1907.06,78.03
25/03/2010,1923.41,78.64
26/03/2010,1922.91,77.98
29/03/2010,1933.40,79.89
30/03/2010,1934.21,79.46
31/03/2010,1928.59,80.37
01/04/2010,1921.88,82.63
02/04/2010,1921.88,82.63
05/04/2010,1921.88,84.48
06/04/2010,1911.78,85.05
07/04/2010,1911.07,84.49
08/04/2010,1920.53,82.63
09/04/2010,1931.91,82.77
12/04/2010,1921.32,85.21
13/04/2010,1926.16,83.44
14/04/2010,1936.22,85.81
15/04/2010,1938.24,86.9
16/04/2010,1943.83,84.81
19/04/2010,1942.21,83.09
20/04/2010,1951.04,84.73
21/04/2010,1947.69,84.55
22/04/2010,1948.47,84.58
23/04/2010,1955.84,86.09
26/04/2010,1950.89,86.72
27/04/2010,1943.41,85.59
28/04/2010,1961.82,84.59
29/04/2010,1973.05,86.82
30/04/2010,1969.75,86.19
03/05/2010,1950.44,88.09
04/05/2010,1973.42,85.39
05/05/2010,1988.47,82.31
06/05/2010,2003.37,80.21
07/05/2010,2010.13,76.48
10/05/2010,2029.54,78.08
11/05/2010,1988.32,79
12/05/2010,1980.50,78.7
13/05/2010,1966.36,79.41
14/05/2010,1959.62,76.43
17/05/2010,1968.10,73.87
18/05/2010,1968.10,75.12
19/05/2010,1976.46,71.86
20/05/2010,1997.09,69.56
21/05/2010,2017.68,70.45
24/05/2010,1998.42,69.62
25/05/2010,1975.01,67.18
26/05/2010,1989.51,70.59
27/05/2010,1976.40,73.56
28/05/2010,1966.80,73
31/05/2010,1971.55,73
01/06/2010,1971.55,73.08
02/06/2010,1971.45,72.78
03/06/2010,1963.36,73.12
04/06/2010,1961.47,71.84
07/06/2010,1965.83,71.09
08/06/2010,1965.83,71.43
09/06/2010,1960.50,73.68
10/06/2010,1943.41,74.33
11/06/2010,1928.83,73.28
14/06/2010,1925.35,75.11
15/06/2010,1925.35,75.29
16/06/2010,1917.82,76.12
17/06/2010,1912.29,77.52
18/06/2010,1902.78,77.05
21/06/2010,1906.61,78.53
22/06/2010,1889.51,78.08
23/06/2010,1886.05,75.22
24/06/2010,1895.75,75.17
25/06/2010,1896.87,76.21
28/06/2010,1900.36,76.66
29/06/2010,1901.65,74.21
30/06/2010,1916.46,74.94
01/07/2010,1913.15,71.73
02/07/2010,1897.33,71.75
05/07/2010,1884.31,71.75
06/07/2010,1884.31,73.08
07/07/2010,1882.47,72.97
08/07/2010,1901.38,74.56
09/07/2010,1889.61,75.2
12/07/2010,1877.66,74.35
13/07/2010,1877.20,76.45
14/07/2010,1871.19,76.63
15/07/2010,1873.87,75.52
16/07/2010,1871.96,75.55
19/07/2010,1878.77,76.29
20/07/2010,1872.92,76.31
21/07/2010,1872.92,75.75
22/07/2010,1867.07,77.59
23/07/2010,1864.04,77.27
26/07/2010,1867.47,77.9
27/07/2010,1859.50,75.52
28/07/2010,1852.83,76.66
29/07/2010,1846.23,78.6
30/07/2010,1841.35,77.5
02/08/2010,1842.79,81.93
03/08/2010,1832.45,83.6
04/08/2010,1834.58,83.76
05/08/2010,1824.52,82.9
06/08/2010,1818.50,81.28
09/08/2010,1815.46,81.54
10/08/2010,1808.93,79.89
11/08/2010,1810.12,77.83
12/08/2010,1807.55,76.63
13/08/2010,1812.20,75.14
16/08/2010,1835.32,74.56
17/08/2010,1835.32,76.74
18/08/2010,1810.75,75.1
19/08/2010,1808.14,74.84
20/08/2010,1819.13,73.48
23/08/2010,1820.93,73.08
24/08/2010,1806.93,70.61
25/08/2010,1818.86,70.74
26/08/2010,1820.29,74.5
27/08/2010,1811.46,75.16
30/08/2010,1817.68,76.05
31/08/2010,1823.74,75.51
01/09/2010,1826.31,75.53
02/09/2010,1815.09,74.93
03/09/2010,1810.65,75.03
06/09/2010,1807.73,75.03
07/09/2010,1807.73,75.78
08/09/2010,1808.65,77.48
09/09/2010,1803.00,77.87
10/09/2010,1802.54,77.54
13/09/2010,1801.04,78.52
14/09/2010,1793.28,78.89
15/09/2010,1788.05,78.46
16/09/2010,1806.78,78.89
17/09/2010,1811.55,77.43
20/09/2010,1806.76,79.42
21/09/2010,1798.73,78.76
22/09/2010,1805.31,77.29
23/09/2010,1803.71,77.69
24/09/2010,1810.72,78.73
27/09/2010,1809.46,77.71
28/09/2010,1802.15,79.14
29/09/2010,1804.06,78.79
30/09/2010,1799.89,80.77
01/10/2010,1801.01,82.69
04/10/2010,1795.93,83.42
05/10/2010,1802.09,83.35
06/10/2010,1802.43,85.01
07/10/2010,1796.29,83.67
08/10/2010,1786.20,83.88
11/10/2010,1786.37,83.08
12/10/2010,1786.37,82.99
13/10/2010,1786.77,84.01
14/10/2010,1791.56,83.55
15/10/2010,1801.20,81.94
18/10/2010,1807.88,82.3
19/10/2010,1807.88,81.12
20/10/2010,1817.45,81.68
21/10/2010,1812.60,81.28
22/10/2010,1816.28,80.75
25/10/2010,1823.05,81.91
26/10/2010,1830.96,82.62
27/10/2010,1838.45,81.27
28/10/2010,1846.41,82.97
29/10/2010,1839.90,82.47
01/11/2010,1831.64,84.06
02/11/2010,1831.64,84.71
03/11/2010,1845.51,85.33
04/11/2010,1840.51,86.83
05/11/2010,1821.05,87.05
08/11/2010,1817.70,87.15
09/11/2010,1828.28,87.93
10/11/2010,1836.27,87.92
11/11/2010,1858.01,88.08
12/11/2010,1858.01,86.07
15/11/2010,1861.74,85.49
16/11/2010,1861.74,83.98
17/11/2010,1880.98,83.36
18/11/2010,1875.78,83.7
19/11/2010,1865.82,83.17
22/11/2010,1875.39,82.34
23/11/2010,1882.00,82.37
24/11/2010,1892.84,84.53
25/11/2010,1889.11,84.53
26/11/2010,1889.11,84.78
29/11/2010,1906.69,85.9
30/11/2010,1916.96,86.02
01/12/2010,1932.63,88.56
02/12/2010,1933.58,89.37
03/12/2010,1920.00,90.65
06/12/2010,1896.73,91.25
07/12/2010,1889.75,90.78
08/12/2010,1880.82,89.74
09/12/2010,1880.82,89.93
10/12/2010,1902.72,89.54
13/12/2010,1911.87,90.4
14/12/2010,1894.12,90.63
15/12/2010,1899.89,91.33
16/12/2010,1905.84,91.09
17/12/2010,1916.09,91.11
20/12/2010,1923.13,91.31
21/12/2010,1928.71,93.11
22/12/2010,1934.96,93.55
23/12/2010,1934.44,93.63
24/12/2010,1928.33,93.63
27/12/2010,1939.54,93.08
28/12/2010,1964.57,93.52
29/12/2010,2027.33,93.52
30/12/2010,1989.88,92.5
31/12/2010,1913.98,93.23
03/01/2011,1913.98,95.82
04/01/2011,1902.71,93.52
05/01/2011,1899.86,95.07
06/01/2011,1894.82,94.95
07/01/2011,1869.94,94.25
10/01/2011,1859.97,95.05
11/01/2011,1859.97,96.8
12/01/2011,1856.79,97.86
13/01/2011,1855.46,97.86
14/01/2011,1864.36,97.86
17/01/2011,1872.46,97.86
18/01/2011,1872.46,97.83
19/01/2011,1864.64,98.42
20/01/2011,1841.90,96.27
21/01/2011,1849.59,96.84
24/01/2011,1838.94,96.76
25/01/2011,1842.43,96.76
26/01/2011,1853.71,96.04
27/01/2011,1862.05,96.48
28/01/2011,1858.70,97.06
31/01/2011,1857.98,98.97
01/02/2011,1867.82,100.4
02/02/2011,1853.33,101.3
03/02/2011,1852.67,101.69
04/02/2011,1863.03,99.43
07/02/2011,1872.01,99.44
08/02/2011,1871.81,99.25
09/02/2011,1875.32,100.16
10/02/2011,1891.54,100.74
11/02/2011,1889.10,99.93
14/02/2011,1880.37,103.12
15/02/2011,1891.84,102.48
16/02/2011,1902.01,102.78
17/02/2011,1907.69,103.45
18/02/2011,1893.46,102.2
21/02/2011,1879.15,102.2
22/02/2011,1879.15,106.82
23/02/2011,1889.69,109.77
24/02/2011,1898.28,113.91
25/02/2011,1898.39,111.47
28/02/2011,1895.56,112.27
01/03/2011,1907.37,113.34
02/03/2011,1913.21,116.89
03/03/2011,1916.05,114.42
04/03/2011,1904.73,115.71
07/03/2011,1890.23,116.58
08/03/2011,1893.17,112.32
09/03/2011,1889.85,115.19
10/03/2011,1879.49,114.07
11/03/2011,1871.97,114.07
14/03/2011,1866.20,112.95
15/03/2011,1876.29,111.11
16/03/2011,1887.67,110.96
17/03/2011,1892.62,114.18
18/03/2011,1876.78,114.13
21/03/2011,1874.79,114.92
22/03/2011,1874.79,115.63
23/03/2011,1866.34,115.65
24/03/2011,1867.74,115.41
25/03/2011,1865.11,115.45
28/03/2011,1871.37,115.95
29/03/2011,1877.84,115.58
30/03/2011,1888.00,115.35
31/03/2011,1879.47,116.94
01/04/2011,1870.60,118.63
04/04/2011,1858.95,120.07
05/04/2011,1846.78,122.87
06/04/2011,1838.29,123.01
07/04/2011,1826.97,122.9
08/04/2011,1825.09,126.3
11/04/2011,1817.35,126.46
12/04/2011,1815.79,121.33
13/04/2011,1818.14,122.7
14/04/2011,1818.91,122.74
15/04/2011,1811.10,124.63
18/04/2011,1800.63,121.69
19/04/2011,1799.79,121.35
20/04/2011,1790.54,124.26
21/04/2011,1782.59,123.64
22/04/2011,1782.59,123.64
25/04/2011,1782.59,123.64
26/04/2011,1781.56,124.55
27/04/2011,1787.88,124.94
28/04/2011,1784.11,126.59
29/04/2011,1767.54,126.59
02/05/2011,1768.19,126.64
03/05/2011,1768.37,124.01
04/05/2011,1767.05,121.55
05/05/2011,1763.45,111.93
06/05/2011,1769.46,113.69
09/05/2011,1763.12,113.21
10/05/2011,1779.70,117.82
11/05/2011,1791.72,115.66
12/05/2011,1798.66,112.87
13/05/2011,1807.86,113.08
16/05/2011,1805.37,113.72
17/05/2011,1814.98,109.39
18/05/2011,1826.03,112.54
19/05/2011,1824.62,113.2
20/05/2011,1814.99,111.25
23/05/2011,1819.86,110.13
24/05/2011,1828.12,112.52
25/05/2011,1828.64,114.47
26/05/2011,1831.58,115.06
27/05/2011,1829.75,114.85
30/05/2011,1817.34,114.85
31/05/2011,1817.34,117.18
01/06/2011,1797.83,116.15
02/06/2011,1789.41,114.3
03/06/2011,1784.12,115.09
06/06/2011,1785.05,115.4
07/06/2011,1785.05,116.14
08/06/2011,1770.13,118.43
09/06/2011,1769.83,119.95
10/06/2011,1772.59,118.71
13/06/2011,1774.94,120.49
14/06/2011,1777.64,120.35
15/06/2011,1774.24,114.67
16/06/2011,1781.40,114.69
17/06/2011,1793.92,113.74
20/06/2011,1787.80,112.21
21/06/2011,1789.47,112.02
22/06/2011,1780.48,113.59
23/06/2011,1779.10,108.27
24/06/2011,1788.11,104.79
27/06/2011,1787.80,104.57
28/06/2011,1787.80,107.57
29/06/2011,1786.73,111.49
30/06/2011,1780.16,111.71
01/07/2011,1772.32,109.82
04/07/2011,1762.59,109.82
05/07/2011,1762.59,113.21
06/07/2011,1766.57,113.55
07/07/2011,1767.47,117.4
08/07/2011,1759.38,117.4
11/07/2011,1759.41,117.35
12/07/2011,1768.42,117.36
13/07/2011,1765.32,118.46
14/07/2011,1758.25,117.38
15/07/2011,1748.41,118.06
18/07/2011,1750.90,117.05
19/07/2011,1758.99,118.18
20/07/2011,1757.49,118.52
21/07/2011,1757.49,118.25
22/07/2011,1756.38,118.99
25/07/2011,1757.35,118.27
26/07/2011,1768.02,118.14
27/07/2011,1759.88,117.99
28/07/2011,1764.89,118.16
29/07/2011,1771.15,115.93
01/08/2011,1777.82,116.37
02/08/2011,1771.81,116.02
03/08/2011,1765.53,113.74
04/08/2011,1772.52,110.22
05/08/2011,1781.33,106.92
08/08/2011,1792.68,103.06
09/08/2011,1811.18,103.63
10/08/2011,1811.68,103.84
11/08/2011,1800.97,107.82
12/08/2011,1793.47,108.17
15/08/2011,1783.35,108.89
16/08/2011,1783.35,109.69
17/08/2011,1776.66,111.37
18/08/2011,1767.29,108.36
19/08/2011,1775.84,109.37
22/08/2011,1779.05,108.83
23/08/2011,1779.86,110.35
24/08/2011,1781.91,111.91
25/08/2011,1791.61,111.91
26/08/2011,1791.05,112.29
29/08/2011,1794.02,112.29
30/08/2011,1787.52,115.59
31/08/2011,1783.66,116.48
01/09/2011,1780.26,116.43
02/09/2011,1778.51,115.92
05/09/2011,1782.80,115.92
06/09/2011,1782.80,113.29
07/09/2011,1791.89,117.5
08/09/2011,1789.30,117.99
09/09/2011,1789.90,115.1
12/09/2011,1796.58,114.75
13/09/2011,1811.34,114.08
14/09/2011,1813.42,113.1
15/09/2011,1824.15,116.71
16/09/2011,1822.04,116.26
19/09/2011,1820.29,112.89
20/09/2011,1843.26,114.39
21/09/2011,1854.96,114.26
22/09/2011,1882.23,109.21
23/09/2011,1915.63,109.17
26/09/2011,1902.45,107.9
27/09/2011,1903.31,109.54
28/09/2011,1887.38,108.52
29/09/2011,1907.75,107.08
30/09/2011,1915.10,105.42
03/10/2011,1929.01,103.61
04/10/2011,1943.80,101.84
05/10/2011,1972.76,103.77
06/10/2011,1967.56,104.38
07/10/2011,1952.09,106.56
10/10/2011,1931.64,109.49
11/10/2011,1931.64,109.22
12/10/2011,1913.60,112.44
13/10/2011,1896.72,112.45
14/10/2011,1909.12,114.33
17/10/2011,1895.33,112.92
18/10/2011,1895.33,112.08
19/10/2011,1902.47,111.76
20/10/2011,1900.10,109
21/10/2011,1905.95,111.6
24/10/2011,1897.45,111.67
25/10/2011,1878.78,112.11
26/10/2011,1875.55,110.43
27/10/2011,1878.10,112.45
28/10/2011,1862.84,110.01
31/10/2011,1863.06,108.43
01/11/2011,1871.49,106.97
02/11/2011,1891.38,110.82
03/11/2011,1889.66,110.76
04/11/2011,1905.38,112.22
07/11/2011,1915.72,114.75
08/11/2011,1915.72,115.61
09/11/2011,1908.71,115.29
10/11/2011,1917.69,113.32
11/11/2011,1913.65,114.43
14/11/2011,1913.65,112.57
15/11/2011,1913.65,111.9
16/11/2011,1915.41,111.91
17/11/2011,1912.20,109.25
18/11/2011,1910.83,107.82
21/11/2011,1917.45,105.98
22/11/2011,1928.47,107.77
23/11/2011,1925.39,106.83
24/11/2011,1932.63,106.83
25/11/2011,1932.63,106.08
28/11/2011,1948.48,109.38
29/11/2011,1946.28,111.25
30/11/2011,1967.18,111.22
01/12/2011,1948.51,108.83
02/12/2011,1949.56,109.59
05/12/2011,1938.83,110.18
06/12/2011,1936.29,110.16
07/12/2011,1936.11,110.07
08/12/2011,1930.57,108.23
09/12/2011,1930.57,107.91
12/12/2011,1927.10,107.82
13/12/2011,1932.30,109.25
14/12/2011,1929.01,105.72
15/12/2011,1937.60,104.52
16/12/2011,1935.96,104
19/12/2011,1935.64,104.55
20/12/2011,1939.39,107.8
21/12/2011,1932.08,108
22/12/2011,1935.72,108.98
23/12/2011,1927.71,109.28
26/12/2011,1920.93,109.28
27/12/2011,1920.93,109.28
28/12/2011,1920.16,107.54
29/12/2011,1938.52,106.89
30/12/2011,1942.70,108.09
02/01/2012,1942.70,108.09
03/01/2012,1942.70,111.12
04/01/2012,1915.02,113.37
05/01/2012,1898.24,113.59
06/01/2012,1884.44,111.96
09/01/2012,1884.47,111.07
10/01/2012,1884.47,113.3
11/01/2012,1865.07,111.66
12/01/2012,1854.17,112.97
13/01/2012,1842.47,109.88
16/01/2012,1841.31,109.88
17/01/2012,1841.31,110.55
18/01/2012,1836.34,109.81
19/01/2012,1827.24,109.54
20/01/2012,1821.86,108.5
23/01/2012,1828.75,109.46
24/01/2012,1811.55,108.38
25/01/2012,1814.58,108.48
26/01/2012,1814.69,109.08
27/01/2012,1801.88,110.5
30/01/2012,1810.55,110.24
31/01/2012,1815.08,110.26
01/02/2012,1805.98,111.96
02/02/2012,1797.68,110.96
03/02/2012,1795.55,112.56
06/02/2012,1784.77,115.47
07/02/2012,1787.96,116.86
08/02/2012,1783.34,117.18
09/02/2012,1778.90,118.4
10/02/2012,1774.96,118.13
13/02/2012,1785.59,118.73
14/02/2012,1778.12,118.3
15/02/2012,1785.24,120.25
16/02/2012,1791.29,121
17/02/2012,1792.92,120.69
20/02/2012,1779.81,120.69
21/02/2012,1779.81,120.85
22/02/2012,1777.59,123.07
23/02/2012,1781.57,124.53
24/02/2012,1776.11,124.89
27/02/2012,1772.42,126.46
28/02/2012,1777.27,124.02
29/02/2012,1767.83,122.23
01/03/2012,1766.85,125.76
02/03/2012,1770.70,125.93
05/03/2012,1775.69,126.68
06/03/2012,1774.03,125.03
07/03/2012,1779.32,125.37
08/03/2012,1773.88,127.96
09/03/2012,1765.06,128.08
12/03/2012,1762.08,127.27
13/03/2012,1766.10,128.14
14/03/2012,1760.77,126.98
15/03/2012,1761.04,123.63
16/03/2012,1761.02,125.09
19/03/2012,1758.38,125.76
20/03/2012,1758.38,124.38
21/03/2012,1759.78,123.89
22/03/2012,1758.03,122.49
23/03/2012,1761.87,125.21
26/03/2012,1760.17,125.85
27/03/2012,1759.58,125.25
28/03/2012,1762.93,124.41
29/03/2012,1771.25,123.23
30/03/2012,1784.66,123.41
02/04/2012,1792.07,124.44
03/04/2012,1779.13,124.44
04/04/2012,1767.84,123.04
05/04/2012,1772.58,123.58
06/04/2012,1772.58,123.58
09/04/2012,1772.58,123.58
10/04/2012,1779.53,121.89
11/04/2012,1793.30,120.41
12/04/2012,1787.66,120.57
13/04/2012,1778.78,120.62
16/04/2012,1777.12,118.23
17/04/2012,1775.67,117.41
18/04/2012,1769.07,115.18
19/04/2012,1774.21,117
20/04/2012,1776.06,118.08
23/04/2012,1771.13,116.66
24/04/2012,1774.44,117.74
25/04/2012,1767.91,117.45
26/04/2012,1763.85,119.33
27/04/2012,1764.63,119.3
30/04/2012,1761.20,118.66
01/05/2012,1764.00,119.57
02/05/2012,1764.00,117.57
03/05/2012,1760.12,115.91
04/05/2012,1754.89,111.66
07/05/2012,1757.24,111.66
08/05/2012,1759.12,110.48
09/05/2012,1760.60,111.89
10/05/2012,1775.96,112.24
11/05/2012,1765.00,112.5
14/05/2012,1764.69,110.79
15/05/2012,1771.60,111.4
16/05/2012,1778.37,109.8
17/05/2012,1793.61,109.31
18/05/2012,1804.92,108.03
21/05/2012,1814.46,109.02
22/05/2012,1814.46,109.76
23/05/2012,1824.73,106.88
24/05/2012,1845.17,107.2
25/05/2012,1836.45,107.86
28/05/2012,1840.69,107.86
29/05/2012,1840.69,107.55
30/05/2012,1818.82,103.85
31/05/2012,1827.83,103.86
01/06/2012,1833.80,98.63
04/06/2012,1834.71,97.74
05/06/2012,1815.54,98.65
06/06/2012,1798.85,101.14
07/06/2012,1782.89,100.05
08/06/2012,1766.91,97.57
11/06/2012,1776.26,98.6
12/06/2012,1776.26,96.59
13/06/2012,1776.47,97.29
14/06/2012,1783.45,96.46
15/06/2012,1787.63,97.13
18/06/2012,1786.21,95.21
19/06/2012,1786.21,95.14
20/06/2012,1773.18,93.5
21/06/2012,1770.38,89.22
22/06/2012,1775.99,89.22
25/06/2012,1787.47,88.69
26/06/2012,1803.37,90.19
27/06/2012,1805.14,92.06
28/06/2012,1796.18,91.02
29/06/2012,1805.60,94.17
02/07/2012,1784.60,95.28
03/07/2012,1784.60,99.89
04/07/2012,1771.53,99.89
05/07/2012,1771.53,101.54
06/07/2012,1774.37,98.5
09/07/2012,1785.25,99.94
10/07/2012,1790.25,99.15
11/07/2012,1785.06,99.23
12/07/2012,1787.72,99.18
13/07/2012,1790.12,101.91
16/07/2012,1780.21,102.1
17/07/2012,1778.42,104.21
18/07/2012,1778.97,105.92
19/07/2012,1778.28,107.79
20/07/2012,1775.80,106.98
23/07/2012,1775.80,103.91
24/07/2012,1790.39,103.57
25/07/2012,1797.33,102.35
26/07/2012,1799.48,104.77
27/07/2012,1789.22,106.3
30/07/2012,1791.12,106.54
31/07/2012,1789.02,105.93
01/08/2012,1790.74,106.78
02/08/2012,1787.51,107.55
03/08/2012,1790.97,109.57
06/08/2012,1786.06,110.01
07/08/2012,1785.29,112.39
08/08/2012,1785.29,113.42
09/08/2012,1788.03,113.52
10/08/2012,1788.08,113.13
13/08/2012,1791.61,114.48
14/08/2012,1792.86,113.9
15/08/2012,1800.81,115.51
16/08/2012,1817.18,116.12
17/08/2012,1825.52,115.2
20/08/2012,1822.59,115.5
21/08/2012,1822.59,116.03
22/08/2012,1815.80,115.77
23/08/2012,1812.88,117.45
24/08/2012,1808.33,115.76
27/08/2012,1814.83,113.74
28/08/2012,1821.44,112.62
29/08/2012,1828.99,112.53
30/08/2012,1833.14,112.28
31/08/2012,1830.50,113.93
03/09/2012,1825.21,113.93
04/09/2012,1825.21,114.98
05/09/2012,1824.81,113.32
06/09/2012,1814.06,114.5
07/09/2012,1804.09,113.64
10/09/2012,1797.35,113.84
11/09/2012,1802.23,114.86
12/09/2012,1795.40,114.86
13/09/2012,1802.22,116
14/09/2012,1799.57,117.48
17/09/2012,1789.54,116.7
18/09/2012,1799.77,113.29
19/09/2012,1800.19,108.49
20/09/2012,1795.66,109.41
21/09/2012,1798.98,111.27
24/09/2012,1796.75,109.2
25/09/2012,1799.29,110.77
26/09/2012,1795.69,108.99
27/09/2012,1799.55,111.45
28/09/2012,1798.08,111.36
01/10/2012,1800.52,112.58
02/10/2012,1797.97,112.49
03/10/2012,1798.86,109.32
04/10/2012,1800.43,110.48
05/10/2012,1797.68,112.17
08/10/2012,1795.40,112.6
09/10/2012,1795.40,114.32
10/10/2012,1798.32,116.11
11/10/2012,1799.78,116.18
12/10/2012,1797.68,115.17
15/10/2012,1797.68,115
16/10/2012,1797.68,115
17/10/2012,1797.81,113.49
18/10/2012,1798.53,112.58
19/10/2012,1797.66,111.89
22/10/2012,1798.42,109.62
23/10/2012,1802.91,107.53
24/10/2012,1816.60,107.66
25/10/2012,1817.25,107.64
26/10/2012,1816.97,108.9
29/10/2012,1823.18,109.33
30/10/2012,1830.45,109.4
31/10/2012,1829.89,109.89
01/11/2012,1831.25,108.84
02/11/2012,1825.50,106.79
05/11/2012,1828.80,105.59
06/11/2012,1828.80,109.27
07/11/2012,1814.99,108.21
08/11/2012,1814.83,107.23
09/11/2012,1814.21,108.61
12/11/2012,1816.99,110.23
13/11/2012,1816.99,108.82
14/11/2012,1819.30,109.66
15/11/2012,1818.20,110.07
16/11/2012,1822.61,106.81
19/11/2012,1823.46,110.06
20/11/2012,1817.67,110.01
21/11/2012,1815.58,110.81
22/11/2012,1815.76,110.81
23/11/2012,1815.76,110.14
26/11/2012,1820.18,110.18
27/11/2012,1824.12,109.33
28/11/2012,1823.54,108.26
29/11/2012,1825.08,110.47
30/11/2012,1817.93,110.84
03/12/2012,1813.72,111.27
04/12/2012,1813.73,109.99
05/12/2012,1813.57,108.96
06/12/2012,1811.05,108.01
07/12/2012,1803.69,107.16
10/12/2012,1797.45,108.25
11/12/2012,1799.40,107.6
12/12/2012,1801.50,110.17
13/12/2012,1796.31,110.18
14/12/2012,1795.05,109.28
17/12/2012,1798.37,109.35
18/12/2012,1796.98,109.96
19/12/2012,1794.14,109.95
20/12/2012,1790.46,110.57
21/12/2012,1788.87,109.13
24/12/2012,1779.79,108.44
25/12/2012,1773.44,108.44
26/12/2012,1773.44,110.72
27/12/2012,1771.49,110.04
28/12/2012,1771.54,110.05
31/12/2012,1768.23,110.8
01/01/2013,1768.23,110.8
02/01/2013,1768.23,112.98
03/01/2013,1759.97,113.03
04/01/2013,1760.83,112.58
07/01/2013,1767.54,112.49
08/01/2013,1767.54,113.03
09/01/2013,1771.31,113.07
10/01/2013,1767.96,112.97
11/01/2013,1761.50,110.3
14/01/2013,1762.38,111.32
15/01/2013,1758.45,111.72
16/01/2013,1769.88,110.97
17/01/2013,1775.15,111.01
18/01/2013,1767.78,111.71
21/01/2013,1767.74,111.71
22/01/2013,1767.74,112.72
23/01/2013,1776.96,113.68
24/01/2013,1778.69,114.59
25/01/2013,1779.73,113.88
28/01/2013,1779.25,113.92
29/01/2013,1779.84,115.22
30/01/2013,1776.09,115.42
31/01/2013,1773.24,115.55
01/02/2013,1775.65,115.55
04/02/2013,1776.20,116.06
05/02/2013,1785.92,117.03
06/02/2013,1789.09,116.61
07/02/2013,1791.24,117.17
08/02/2013,1795.21,118.9
11/02/2013,1790.61,118.29
12/02/2013,1784.71,117.89
13/02/2013,1783.20,118.43
14/02/2013,1777.72,118.48
15/02/2013,1783.19,117.4
18/02/2013,1785.41,117.4
19/02/2013,1785.41,117.04
20/02/2013,1794.63,116.23
21/02/2013,1791.33,114.19
22/02/2013,1798.21,113.74
25/02/2013,1800.70,114.55
26/02/2013,1806.11,112.96
27/02/2013,1818.54,112.24
28/02/2013,1816.42,112.2
01/03/2013,1814.28,110.14
04/03/2013,1816.48,109.9
05/03/2013,1813.53,110.42
06/03/2013,1809.65,110.27
07/03/2013,1808.00,110.42
08/03/2013,1803.65,108.91
11/03/2013,1800.45,108.64
12/03/2013,1801.20,108.48
13/03/2013,1801.64,107.51
14/03/2013,1798.56,108.1
15/03/2013,1797.28,109.32
18/03/2013,1804.06,108.54
19/03/2013,1809.58,106.91
20/03/2013,1809.83,108.27
21/03/2013,1812.35,106.41
22/03/2013,1822.78,106.51
25/03/2013,1825.79,106.66
26/03/2013,1825.79,107.1
27/03/2013,1828.95,108.51
28/03/2013,1832.20,108.46
29/03/2013,1832.20,108.46
01/04/2013,1832.20,108.76
02/04/2013,1823.12,109.66
03/04/2013,1817.14,107.82
04/04/2013,1819.93,105.09
05/04/2013,1829.01,103.98
08/04/2013,1826.88,103.16
09/04/2013,1817.66,104.08
10/04/2013,1813.11,104.8
11/04/2013,1821.20,103.62
12/04/2013,1823.84,100.58
15/04/2013,1827.79,99.32
16/04/2013,1834.86,97.88
17/04/2013,1833.98,96.84
18/04/2013,1846.46,97.48
19/04/2013,1847.02,98.94
22/04/2013,1835.57,99.07
23/04/2013,1841.14,99.25
24/04/2013,1838.03,100.71
25/04/2013,1836.79,101.62
26/04/2013,1830.84,102.39
29/04/2013,1833.70,102.88
30/04/2013,1828.79,101.53
01/05/2013,1825.83,98.34
02/05/2013,1825.83,100.32
03/05/2013,1836.34,104.6
06/05/2013,1835.88,105
07/05/2013,1831.42,105.18
08/05/2013,1827.13,103.79
09/05/2013,1830.70,103.59
10/05/2013,1833.07,101.31
13/05/2013,1834.83,102.17
14/05/2013,1834.83,102.7
15/05/2013,1838.63,101.57
16/05/2013,1843.75,104.27
17/05/2013,1838.82,103.83
20/05/2013,1841.35,104.55
21/05/2013,1842.59,103.1
22/05/2013,1846.76,102.14
23/05/2013,1850.55,100.46
24/05/2013,1864.02,101.24
27/05/2013,1874.10,101.24
28/05/2013,1874.10,103.77
29/05/2013,1897.10,102.14
30/05/2013,1894.13,101.79
31/05/2013,1891.48,100.43
03/06/2013,1907.76,101.63
04/06/2013,1907.76,102.04
05/06/2013,1894.40,103.51
06/06/2013,1899.08,103.37
07/06/2013,1907.88,104.07
10/06/2013,1898.80,103.87
11/06/2013,1898.80,101.5
12/06/2013,1907.12,103.11
13/06/2013,1897.53,103.38
14/06/2013,1895.01,105.1
17/06/2013,1882.38,105.8
18/06/2013,1883.57,105.21
19/06/2013,1902.47,105.56
20/06/2013,1900.87,102.72
21/06/2013,1937.26,100.36
24/06/2013,1941.06,99.8
25/06/2013,1942.97,101.51
26/06/2013,1928.27,100.62
27/06/2013,1921.86,102.74
28/06/2013,1922.63,102.49
01/07/2013,1929.00,103.19
02/07/2013,1929.00,103.96
03/07/2013,1919.42,106.12
04/07/2013,1915.45,106.12
05/07/2013,1915.45,107.46
08/07/2013,1927.40,107.75
09/07/2013,1926.84,107.9
10/07/2013,1920.12,108.43
11/07/2013,1920.24,108.18
12/07/2013,1910.79,109.03
15/07/2013,1905.25,109.05
16/07/2013,1893.16,109.29
17/07/2013,1878.42,109.67
18/07/2013,1873.25,109.71
19/07/2013,1883.29,109.34
22/07/2013,1884.01,108.82
23/07/2013,1880.87,109.27
24/07/2013,1886.06,108.23
25/07/2013,1891.02,108.1
26/07/2013,1887.40,107.57
29/07/2013,1886.26,108.1
30/07/2013,1888.95,107.47
31/07/2013,1890.33,107.89
01/08/2013,1896.15,109.94
02/08/2013,1896.65,109.63
05/08/2013,1891.67,109.81
06/08/2013,1883.24,108.77
07/08/2013,1882.01,108.39
08/08/2013,1882.01,107.32
09/08/2013,1877.23,108.49
12/08/2013,1873.92,109.28
13/08/2013,1868.90,110.69
14/08/2013,1882.36,110.26
15/08/2013,1883.15,111.58
16/08/2013,1901.03,111.82
19/08/2013,1907.06,111.41
20/08/2013,1907.06,110.74
21/08/2013,1922.73,110.82
22/08/2013,1929.75,110.51
23/08/2013,1921.99,112.12
26/08/2013,1911.16,112.23
27/08/2013,1922.96,115.21
28/08/2013,1938.26,116.27
29/08/2013,1939.85,116.91
30/08/2013,1943.04,115.97
02/09/2013,1935.43,115.97
03/09/2013,1935.43,115.49
04/09/2013,1946.28,115.65
05/09/2013,1938.99,115.81
06/09/2013,1952.11,117.15
09/09/2013,1947.99,115.2
10/09/2013,1946.06,112.1
11/09/2013,1935.55,112.37
12/09/2013,1923.64,113.11
13/09/2013,1919.25,113.31
16/09/2013,1919.54,110.86
17/09/2013,1917.03,109.05
18/09/2013,1914.12,109.09
19/09/2013,1911.30,110.66
20/09/2013,1887.30,110.22
23/09/2013,1889.12,108.56
24/09/2013,1892.89,107.68
25/09/2013,1888.14,109.46
26/09/2013,1893.42,108.86
27/09/2013,1899.10,109.45
30/09/2013,1914.65,107.85
01/10/2013,1908.29,107.32
02/10/2013,1893.77,109.09
03/10/2013,1884.97,109.49
04/10/2013,1889.95,109.42
07/10/2013,1886.78,109.66
08/10/2013,1885.19,110.56
09/10/2013,1889.17,109.02
10/10/2013,1894.06,111.63
11/10/2013,1885.84,110.65
14/10/2013,1883.65,110.13
15/10/2013,1883.65,110.67
16/10/2013,1883.70,110.79
17/10/2013,1880.91,109.55
18/10/2013,1879.48,109.4
21/10/2013,1879.88,109.47
22/10/2013,1885.52,109.57
23/10/2013,1879.46,107.74
24/10/2013,1883.14,106.63
25/10/2013,1882.11,105.7
28/10/2013,1882.34,108.29
29/10/2013,1884.43,108.04
30/10/2013,1883.42,108.41
31/10/2013,1884.06,107.53
01/11/2013,1889.16,105.78
04/11/2013,1901.22,104.85
05/11/2013,1901.22,105.01
06/11/2013,1916.22,105.46
07/11/2013,1916.80,103.08
08/11/2013,1924.87,104.29
11/11/2013,1932.77,105.76
12/11/2013,1932.77,106.29
13/11/2013,1928.96,106.9
14/11/2013,1932.03,108.29
15/11/2013,1929.24,108.25
18/11/2013,1919.89,108.8
19/11/2013,1915.37,108.29
20/11/2013,1919.20,108.27
21/11/2013,1923.19,109.9
22/11/2013,1932.42,111.36
25/11/2013,1929.13,110.83
26/11/2013,1926.99,112.04
27/11/2013,1926.74,111.32
28/11/2013,1928.25,111.32
29/11/2013,1928.25,111.07
02/12/2013,1931.88,111.49
03/12/2013,1934.16,113.06
04/12/2013,1941.01,113.27
05/12/2013,1948.48,112.07
06/12/2013,1940.26,111.5
09/12/2013,1936.33,110.07
10/12/2013,1932.71,108.91
11/12/2013,1933.52,109.47
12/12/2013,1935.61,108.99
13/12/2013,1935.89,108.08
16/12/2013,1930.87,110.3
17/12/2013,1934.95,108.91
18/12/2013,1936.14,109.56
19/12/2013,1945.60,110.78
20/12/2013,1943.46,112.15
23/12/2013,1935.93,111.58
24/12/2013,1925.45,111.57
25/12/2013,1922.76,111.57
26/12/2013,1922.76,111.65
27/12/2013,1921.22,112.06
30/12/2013,1922.56,110.47
31/12/2013,1926.83,109.95
01/01/2014,1926.83,109.95
02/01/2014,1926.83,107.94
03/01/2014,1938.89,106.57
06/01/2014,1936.92,106.71
07/01/2014,1936.92,107.01
08/01/2014,1930.45,107.42
09/01/2014,1933.24,107.49
10/01/2014,1934.88,106.44
13/01/2014,1926.55,108.02
14/01/2014,1924.79,107.12
15/01/2014,1932.59,108.09
16/01/2014,1941.45,107.46
17/01/2014,1947.15,108.45
20/01/2014,1957.86,108.01
21/01/2014,1957.86,109.17
22/01/2014,1981.98,109.69
23/01/2014,1983.48,109.69
24/01/2014,1993.23,109.14
27/01/2014,2000.48,108.72
28/01/2014,1997.91,109.1
29/01/2014,2000.56,108.83
30/01/2014,2013.17,109.36
31/01/2014,2008.26,108.16
03/02/2014,2021.10,106.55
04/02/2014,2039.85,107.04
05/02/2014,2041.34,106.81
06/02/2014,2048.75,108.15
07/02/2014,2049.52,110.12
10/02/2014,2046.06,110.18
11/02/2014,2048.55,109.21
12/02/2014,2041.61,108.62
13/02/2014,2031.75,108.98
14/02/2014,2032.99,108.63
17/02/2014,2022.68,108.63
18/02/2014,2022.68,110.14
19/02/2014,2028.54,110.37
20/02/2014,2042.22,109.42
21/02/2014,2052.46,109.03
24/02/2014,2043.96,109.76
25/02/2014,2042.67,109.19
26/02/2014,2045.45,109.39
27/02/2014,2053.11,108.54
28/02/2014,2054.90,108.98
03/03/2014,2046.75,111.26
04/03/2014,2052.51,109.17
05/03/2014,2047.75,108.15
06/03/2014,2045.14,107.99
07/03/2014,2030.02,109.14
10/03/2014,2036.20,108.27
11/03/2014,2042.78,108.35
12/03/2014,2043.59,107.88
13/03/2014,2047.59,107.48
14/03/2014,2044.48,108.08
17/03/2014,2044.58,106.99
18/03/2014,2035.16,106.79
19/03/2014,2034.86,105.95
20/03/2014,2017.38,105.73
21/03/2014,1998.60,107.2
24/03/2014,1993.85,106.59
25/03/2014,1993.85,107.01
26/03/2014,1978.63,105.9
27/03/2014,1973.03,106.58
28/03/2014,1965.64,106.64
31/03/2014,1965.32,105.95
01/04/2014,1969.45,105.7
02/04/2014,1966.02,103.37
03/04/2014,1963.51,104.88
04/04/2014,1966.40,106.41
07/04/2014,1951.85,104.89
08/04/2014,1937.59,105.83
09/04/2014,1923.95,107.39
10/04/2014,1931.09,107.1
11/04/2014,1920.93,107.34
14/04/2014,1927.28,107.68
15/04/2014,1926.47,109.1
16/04/2014,1932.42,109.71
17/04/2014,1930.62,109.79
18/04/2014,1930.62,109.79
21/04/2014,1930.62,109.69
22/04/2014,1921.75,108.54
23/04/2014,1929.66,108.48
24/04/2014,1936.63,109.79
25/04/2014,1936.07,109.53
28/04/2014,1942.37,109.12
29/04/2014,1936.13,109.89
30/04/2014,1935.14,108.63
01/05/2014,1933.46,108.63
02/05/2014,1933.46,109.48
05/05/2014,1926.30,109.48
06/05/2014,1923.07,108.3
07/05/2014,1918.20,108.17
08/05/2014,1912.97,108.19
09/05/2014,1902.15,108.26
12/05/2014,1901.51,108.37
13/05/2014,1904.85,108.78
14/05/2014,1919.70,109.87
15/05/2014,1925.31,109.74
16/05/2014,1927.80,110.9
19/05/2014,1925.41,110.84
20/05/2014,1921.16,110.35
21/05/2014,1920.41,111.32
22/05/2014,1911.33,110.89
23/05/2014,1905.80,110.19
26/05/2014,1905.53,110.01
27/05/2014,1905.53,109.81
28/05/2014,1917.34,109.09
29/05/2014,1910.80,109.98
30/05/2014,1905.96,109.21
02/06/2014,1900.64,109.34
03/06/2014,1900.64,108.87
04/06/2014,1899.74,109.07
05/06/2014,1897.70,108.43
06/06/2014,1892.08,109.21
09/06/2014,1886.09,110.55
10/06/2014,1883.76,109.18
11/06/2014,1884.97,109.83
12/06/2014,1884.63,112.18
13/06/2014,1877.18,113.15
16/06/2014,1877.37,113.42
17/06/2014,1886.62,114.02
18/06/2014,1899.90,114.25
19/06/2014,1895.92,115.19
20/06/2014,1881.34,114.55
23/06/2014,1884.56,113.62
24/06/2014,1884.56,113.74
25/06/2014,1886.85,112.84
26/06/2014,1880.37,112.61
27/06/2014,1886.01,112.62
30/06/2014,1881.19,111.03
01/07/2014,1881.19,110.84
02/07/2014,1865.42,110.18
03/07/2014,1856.73,108.98
04/07/2014,1848.91,108.98
07/07/2014,1848.91,108.7
08/07/2014,1849.28,107.65
09/07/2014,1854.24,106.84
10/07/2014,1859.94,106.2
11/07/2014,1858.47,105.77
14/07/2014,1852.57,104.73
15/07/2014,1857.93,104.73
16/07/2014,1867.88,105.41
17/07/2014,1868.41,106.04
18/07/2014,1872.27,106.03
21/07/2014,1871.87,105.71
22/07/2014,1861.28,106.48
23/07/2014,1848.98,106.85
24/07/2014,1847.85,105.78
25/07/2014,1846.12,106.89
28/07/2014,1848.56,106.7
29/07/2014,1850.61,106.98
30/07/2014,1853.30,106.47
31/07/2014,1872.43,104.94
01/08/2014,1878.75,103.45
04/08/2014,1873.65,103.63
05/08/2014,1878.68,102.82
06/08/2014,1892.35,104.17
07/08/2014,1888.51,104.02
08/08/2014,1888.51,103.36
11/08/2014,1891.59,103.47
12/08/2014,1881.62,101.68
13/08/2014,1877.40,102.27
14/08/2014,1883.33,101.15
15/08/2014,1877.77,101.13
18/08/2014,1884.81,99.37
19/08/2014,1884.81,99.74
20/08/2014,1894.27,99.92
21/08/2014,1912.43,100.28
22/08/2014,1919.84,100.09
25/08/2014,1924.40,100.49
26/08/2014,1932.39,100.5
27/08/2014,1928.67,100.4
28/08/2014,1926.92,100.71
29/08/2014,1935.04,101.12
01/09/2014,1918.62,101.12
02/09/2014,1918.62,100.21
03/09/2014,1931.49,100.88
04/09/2014,1924.67,101.21
05/09/2014,1931.45,99.51
08/09/2014,1935.25,99.53
09/09/2014,1942.03,98.08
10/09/2014,1962.84,96.26
11/09/2014,1975.82,96.42
12/09/2014,1979.97,96.31
15/09/2014,1994.97,96.43
16/09/2014,1987.71,97.39
17/09/2014,1978.08,97.7
18/09/2014,1975.47,96.82
19/09/2014,1975.42,96.75
22/09/2014,1966.89,95.37
23/09/2014,1992.68,94.87
24/09/2014,1997.91,94.53
25/09/2014,2007.48,95.2
26/09/2014,2019.76,95.08
29/09/2014,2023.89,95.7
30/09/2014,2028.48,94.67
01/10/2014,2022.00,94.57
02/10/2014,2025.75,91.29
03/10/2014,2021.49,90.8
06/10/2014,2026.20,90.65
07/10/2014,2028.03,90.9
08/10/2014,2026.90,90.25
09/10/2014,2040.31,90.47
10/10/2014,2041.71,88.66
13/10/2014,2052.96,87.82
14/10/2014,2052.96,86.36
15/10/2014,2049.66,84.02
16/10/2014,2057.70,84.02
17/10/2014,2074.40,85.27
20/10/2014,2064.43,84.42
21/10/2014,2065.82,85.17
22/10/2014,2048.44,86.38
23/10/2014,2049.90,85.94
24/10/2014,2053.39,86
27/10/2014,2065.38,85.64
28/10/2014,2069.72,85.57
29/10/2014,2055.43,86.91
30/10/2014,2044.55,85.5
31/10/2014,2050.52,84.17
03/11/2014,2061.92,84.9
04/11/2014,2061.92,82.12
05/11/2014,2076.99,82.88
06/11/2014,2081.24,82.08
07/11/2014,2086.86,83.2
10/11/2014,2103.25,82.9
11/11/2014,2103.12,80.94
12/11/2014,2103.12,80.42
13/11/2014,2115.59,77.74
14/11/2014,2133.03,77.51
17/11/2014,2160.47,76.86
18/11/2014,2160.47,77.23
19/11/2014,2158.58,77.21
20/11/2014,2156.73,77.61
21/11/2014,2156.93,79.2
24/11/2014,2142.02,79.62
25/11/2014,2158.12,77.62
26/11/2014,2162.15,77.39
27/11/2014,2165.15,77.39
28/11/2014,2165.15,71.89
01/12/2014,2206.19,70.87
02/12/2014,2252.36,71.13
03/12/2014,2293.47,70.13
04/12/2014,2286.03,68.48
05/12/2014,2284.24,68
08/12/2014,2304.12,65.64
09/12/2014,2304.12,66.11
10/12/2014,2350.01,63.32
11/12/2014,2381.96,63.65
12/12/2014,2423.56,61.67
15/12/2014,2405.31,61.09
16/12/2014,2414.39,60.26
17/12/2014,2446.35,59.84
18/12/2014,2412.79,58.81
19/12/2014,2334.98,58.87
22/12/2014,2297.14,58.31
23/12/2014,2316.93,59.07
24/12/2014,2342.57,58.67
25/12/2014,2346.90,58.67
26/12/2014,2346.90,58.72
29/12/2014,2358.46,57.86
30/12/2014,2378.56,55.6
31/12/2014,2392.46,55.27
01/01/2015,2392.46,55.27
02/01/2015,2392.46,55.38
05/01/2015,2383.37,51.08
06/01/2015,2412.82,50.12
07/01/2015,2452.11,49.06
08/01/2015,2434.31,49.43
09/01/2015,2405.03,47.64
12/01/2015,2406.71,46.9
13/01/2015,2406.71,45.13
14/01/2015,2442.03,45.82
15/01/2015,2438.79,47.66
16/01/2015,2398.91,47.38
19/01/2015,2383.91,47.38
20/01/2015,2383.91,46.49
21/01/2015,2373.44,46.5
22/01/2015,2361.54,46.09
23/01/2015,2370.75,46.69
26/01/2015,2386.50,46.07
27/01/2015,2386.28,46.55
28/01/2015,2381.11,47.07
29/01/2015,2362.42,46.61
30/01/2015,2397.35,47.52
02/02/2015,2441.10,51.74
03/02/2015,2407.29,54.41
04/02/2015,2374.72,55.07
05/02/2015,2381.91,55.98
06/02/2015,2384.53,55.88
09/02/2015,2384.76,57
10/02/2015,2371.31,55.79
11/02/2015,2380.79,53.48
12/02/2015,2416.61,56.23
13/02/2015,2401.03,60.33
16/02/2015,2376.23,61.57
17/02/2015,2376.23,60.78
18/02/2015,2416.37,60.72
19/02/2015,2429.71,58.78
20/02/2015,2445.16,60.99
23/02/2015,2455.54,59.78
24/02/2015,2489.81,60.33
25/02/2015,2500.59,59.77
26/02/2015,2489.41,61.39
27/02/2015,2484.58,61.89
02/03/2015,2496.99,60.75
03/03/2015,2522.03,61.18
04/03/2015,2555.08,59.18
05/03/2015,2565.90,60.33
06/03/2015,2543.47,59.15
09/03/2015,2565.61,58.67
10/03/2015,2592.86,55.95
11/03/2015,2618.79,56.46
12/03/2015,2633.65,56.66
13/03/2015,2610.08,54.8
16/03/2015,2661.52,52
17/03/2015,2675.08,52.17
18/03/2015,2677.97,52.59
19/03/2015,2651.49,52.96
20/03/2015,2613.38,53.88
23/03/2015,2587.71,53.82
24/03/2015,2587.71,53.61
25/03/2015,2526.79,54.18
26/03/2015,2535.55,57.02
27/03/2015,2551.30,56.44
30/03/2015,2556.85,53.99
31/03/2015,2576.05,53.69
01/04/2015,2598.36,55.73
02/04/2015,2576.41,55.73
03/04/2015,2576.41,55.73
06/04/2015,2576.41,55.73
07/04/2015,2522.71,57.55
08/04/2015,2518.05,56.42
09/04/2015,2490.90,56.04
10/04/2015,2494.77,56.82
13/04/2015,2516.08,57.14
14/04/2015,2537.33,57.69
15/04/2015,2550.83,59.32
16/04/2015,2534.63,60.13
17/04/2015,2493.93,61.31
20/04/2015,2495.01,61.2
21/04/2015,2487.07,60.12
22/04/2015,2469.03,60.12
23/04/2015,2488.50,62.66
24/04/2015,2471.21,62.96
27/04/2015,2461.17,62.86
28/04/2015,2419.81,62.61
29/04/2015,2393.42,63.97
30/04/2015,2388.06,63.9
01/05/2015,2393.58,64.13
04/05/2015,2393.58,64.62
05/05/2015,2408.17,65.44
06/05/2015,2386.72,66.22
07/05/2015,2362.41,64.93
08/05/2015,2369.23,63.82
11/05/2015,2360.58,62.82
12/05/2015,2381.53,65.09
13/05/2015,2386.77,66.33
14/05/2015,2377.87,65.58
15/05/2015,2389.49,64.69
18/05/2015,2417.01,65.15
19/05/2015,2417.01,63.48
20/05/2015,2475.45,63.52
21/05/2015,2503.37,64.7
22/05/2015,2489.39,64.7
25/05/2015,2500.22,64.7
26/05/2015,2500.22,61.65
27/05/2015,2542.53,61.35
28/05/2015,2548.13,60.12
29/05/2015,2549.97,63.16
01/06/2015,2533.79,62.87
02/06/2015,2549.29,63.14
03/06/2015,2554.44,62.78
04/06/2015,2571.92,60.34
05/06/2015,2588.56,60.36
08/06/2015,2623.66,61.33
09/06/2015,2623.66,63.23
10/06/2015,2569.17,64.68
11/06/2015,2523.00,63.76
12/06/2015,2538.55,63.19
15/06/2015,2535.91,60.99
16/06/2015,2535.91,60.75
17/06/2015,2531.72,60.75
18/06/2015,2550.43,61.37
19/06/2015,2528.85,59.41
22/06/2015,2548.20,60.54
23/06/2015,2537.68,61.67
24/06/2015,2550.74,61.63
25/06/2015,2566.66,60.24
26/06/2015,2556.21,60.14
29/06/2015,2585.11,59.03
30/06/2015,2585.11,60.31
01/07/2015,2598.68,61.65
02/07/2015,2626.80,61.73
03/07/2015,2623.91,59.06
06/07/2015,2642.97,57.19
07/07/2015,2665.41,54.72
08/07/2015,2690.15,55.7
09/07/2015,2690.79,57.83
10/07/2015,2670.79,57.72
13/07/2015,2667.37,57.63
14/07/2015,2693.54,57.2
15/07/2015,2688.20,57.34
16/07/2015,2713.04,57.31
17/07/2015,2727.23,56.38
20/07/2015,2751.88,56.42
21/07/2015,2751.88,55.94
22/07/2015,2765.10,56.36
23/07/2015,2790.26,55.76
24/07/2015,2807.36,54.29
27/07/2015,2857.46,54.07
28/07/2015,2854.13,54.3
29/07/2015,2855.44,54.73
30/07/2015,2855.32,54.29
31/07/2015,2866.04,53.29
03/08/2015,2862.51,49.49
04/08/2015,2902.98,49.08
05/08/2015,2906.95,49.04
06/08/2015,2945.97,47.8
07/08/2015,2955.31,47.54
10/08/2015,2955.31,48.3
11/08/2015,2913.45,47.33
12/08/2015,2943.97,48.29
13/08/2015,2937.63,48.01
14/08/2015,2966.12,47.79
17/08/2015,2983.12,47.77
18/08/2015,2983.12,47
19/08/2015,3003.35,45.75
20/08/2015,3027.20,45.63
21/08/2015,3053.65,43.84
24/08/2015,3102.60,41.59
25/08/2015,3208.37,41.86
26/08/2015,3194.24,41.76
27/08/2015,3238.51,44.46
28/08/2015,3195.47,47.97
31/08/2015,3101.10,47.97
01/09/2015,3079.97,48.8
02/09/2015,3093.64,47.67
03/09/2015,3142.34,50.41
04/09/2015,3119.93,48.59
07/09/2015,3113.55,46.42
08/09/2015,3113.55,48.88
09/09/2015,3138.46,48.04
10/09/2015,3105.40,47.77
11/09/2015,3080.57,46.87
14/09/2015,3012.96,45.87
15/09/2015,3032.59,45.91
16/09/2015,3025.28,49.35
17/09/2015,2989.04,48.27
18/09/2015,2975.13,47.28
21/09/2015,2984.90,47.64
22/09/2015,3001.68,46.69
23/09/2015,3065.74,48
24/09/2015,3099.28,47.06
25/09/2015,3135.17,47.28
28/09/2015,3080.44,46.04
29/09/2015,3096.98,47.58
30/09/2015,3121.94,47.29
01/10/2015,3086.75,47.48
02/10/2015,3061.85,46.55
05/10/2015,3034.90,49.45
06/10/2015,2971.15,51.34
07/10/2015,2913.74,51.66
08/10/2015,2891.91,52.13
09/10/2015,2887.21,52.08
12/10/2015,2855.74,50.95
13/10/2015,2855.74,48.94
14/10/2015,2910.70,48.25
15/10/2015,2928.69,47.87
16/10/2015,2908.87,48.96
19/10/2015,2879.89,47.51
20/10/2015,2912.99,46.93
21/10/2015,2929.19,46.72
22/10/2015,2966.68,46.59
23/10/2015,2925.36,46.3
26/10/2015,2912.08,46.57
27/10/2015,2918.21,45.54
28/10/2015,2950.87,47.6
29/10/2015,2926.75,48.04
30/10/2015,2921.32,48
02/11/2015,2897.83,47.91
03/11/2015,2897.83,48
04/11/2015,2825.25,46.96
05/11/2015,2819.63,47.19
06/11/2015,2853.32,46.09
09/11/2015,2896.19,45.38
10/11/2015,2921.15,46.44
11/11/2015,2935.86,44.98
12/11/2015,2935.86,44.98
13/11/2015,3009.36,41.98
16/11/2015,3073.23,40.28
17/11/2015,3073.23,41.28
18/11/2015,3069.24,41.45
19/11/2015,3108.70,42.22
20/11/2015,3082.04,42.49
23/11/2015,3047.31,43.7
24/11/2015,3086.82,44.38
25/11/2015,3074.35,43.56
26/11/2015,3099.75,43.55
27/11/2015,3099.75,43.07
30/11/2015,3101.10,43.73
01/12/2015,3142.11,42.97
02/12/2015,3131.95,41.92
03/12/2015,3166.67,42
04/12/2015,3149.12,41.44
07/12/2015,3179.22,39.69
08/12/2015,3287.03,39.44
09/12/2015,3287.03,39.04
10/12/2015,3294.02,38.65
11/12/2015,3259.56,36.99
14/12/2015,3299.36,36.51
15/12/2015,3356.00,37.66
16/12/2015,3328.08,36.96
17/12/2015,3317.72,36.29
18/12/2015,3333.37,36.76
21/12/2015,3337.68,35.34
22/12/2015,3332.70,35.26
23/12/2015,3307.24,35.79
24/12/2015,3255.19,37.22
25/12/2015,3172.03,37.22
28/12/2015,3172.03,37.08
29/12/2015,3180.87,36.85
30/12/2015,3155.22,35.65
31/12/2015,3149.47,36.61
01/01/2016,3149.47,36.61
04/01/2016,3149.47,36.28
05/01/2016,3213.24,35.56
06/01/2016,3203.86,33.89
07/01/2016,3250.69,33.57
08/01/2016,3287.28,31.67
11/01/2016,3268.37,30.14
12/01/2016,3268.37,29.14
13/01/2016,3246.51,28.58
14/01/2016,3235.45,28.84
15/01/2016,3240.71,28.8
18/01/2016,3293.94,27.36
19/01/2016,3293.94,27.36
20/01/2016,3297.46,26.01
21/01/2016,3357.67,27.59
22/01/2016,3368.49,30.46
25/01/2016,3281.74,29.82
26/01/2016,3362.38,30.94
27/01/2016,3375.80,31.83
28/01/2016,3366.63,33.01
29/01/2016,3302.92,33.14
01/02/2016,3287.31,32.45
02/02/2016,3326.82,30.98
03/02/2016,3387.69,32.38
04/02/2016,3382.20,32.76
05/02/2016,3315.75,32.35
08/02/2016,3320.49,31.64
09/02/2016,3367.02,30.15
10/02/2016,3391.93,29.64
11/02/2016,3385.65,28.82
12/02/2016,3434.89,31.8
15/02/2016,3409.82,31.8
16/02/2016,3409.82,31.09
17/02/2016,3406.87,33.21
18/02/2016,3391.87,33.2
19/02/2016,3338.03,31.66
22/02/2016,3356.78,33.59
23/02/2016,3314.24,31.9
24/02/2016,3322.54,31.5
25/02/2016,3341.69,32.83
26/02/2016,3310.16,35.76
29/02/2016,3306.00,35.92
01/03/2016,3319.80,35.73
02/03/2016,3268.86,36.38
03/03/2016,3205.60,35.75
04/03/2016,3203.03,37.61
07/03/2016,3163.25,39.02
08/03/2016,3135.28,39.16
09/03/2016,3155.90,40.26
10/03/2016,3192.49,38.63
11/03/2016,3204.27,39.41
14/03/2016,3164.12,38.06
15/03/2016,3175.95,37.49
16/03/2016,3175.88,38.38
17/03/2016,3155.90,39.29
18/03/2016,3087.39,39.26
21/03/2016,3065.79,39.91
22/03/2016,3065.79,40.54
23/03/2016,3050.31,38.84
24/03/2016,3058.80,38.33
25/03/2016,3058.80,38.33
28/03/2016,3058.80,38.33
29/03/2016,3047.85,36.75
30/03/2016,3052.33,36.75
31/03/2016,3022.35,36.75
01/04/2016,3000.63,36.42
04/04/2016,3038.48,36.05
05/04/2016,3066.94,35.88
06/04/2016,3085.82,37.77
07/04/2016,3081.39,37.15
08/04/2016,3109.60,40.71
11/04/2016,3076.29,41.58
12/04/2016,3057.96,43.02
13/04/2016,3036.57,42.81
14/04/2016,3006.35,43.02
15/04/2016,3000.78,41.32
18/04/2016,2999.38,41.64
19/04/2016,2995.86,43.02
20/04/2016,2912.20,43.09
21/04/2016,2899.92,43.48
22/04/2016,2928.70,43.97
25/04/2016,2939.70,42.97
26/04/2016,2962.08,43.94
27/04/2016,2945.37,44.17
28/04/2016,2943.23,45.6
29/04/2016,2885.72,45.64
02/05/2016,2851.14,45.82
03/05/2016,2833.78,43.09
04/05/2016,2895.51,43.08
05/05/2016,2942.16,44.39
06/05/2016,2952.37,44.6
09/05/2016,2969.62,42.43
10/05/2016,2969.62,44.01
11/05/2016,2979.54,46.08
12/05/2016,2956.82,46.43
13/05/2016,2934.88,47.05
16/05/2016,2983.82,48.49
17/05/2016,3007.74,48.71
18/05/2016,3020.89,48.93
19/05/2016,3031.48,47.01
20/05/2016,3056.06,48.54
23/05/2016,3047.99,47.77
24/05/2016,3058.25,48.42
25/05/2016,3059.92,48.87
26/05/2016,3061.89,49.52
27/05/2016,3054.60,49.09
30/05/2016,3069.17,49.09
31/05/2016,3069.17,49.26
01/06/2016,3089.65,48.81
02/06/2016,3117.83,49.05
03/06/2016,3110.88,48.5
06/06/2016,3017.71,48.94
07/06/2016,3017.71,49.76
08/06/2016,2950.95,50.73
09/06/2016,2905.23,50.59
10/06/2016,2942.13,49.7
13/06/2016,2969.83,49.36
14/06/2016,2990.35,47.88
15/06/2016,3003.28,47.47
16/06/2016,2989.56,45.66
17/06/2016,3019.12,46.57
20/06/2016,3010.91,48.68
21/06/2016,2972.97,48.18
22/06/2016,2976.29,48.43
23/06/2016,2944.06,48.63
24/06/2016,2897.53,46.69
27/06/2016,2972.92,45.07
28/06/2016,3022.78,46.29
29/06/2016,3005.18,48.4
30/06/2016,2916.15,48.05
01/07/2016,2919.01,47.65
04/07/2016,2914.38,48.02
05/07/2016,2914.38,45.64
06/07/2016,2966.87,45.7
07/07/2016,3003.20,45.93
08/07/2016,2986.49,44.53
11/07/2016,2952.64,44.04
12/07/2016,2929.81,46.72
13/07/2016,2911.91,44.67
14/07/2016,2936.53,46.01
15/07/2016,2923.07,46.25
18/07/2016,2923.46,45.35
19/07/2016,2928.30,45.7
20/07/2016,2931.08,45.82
21/07/2016,2931.08,44.99
22/07/2016,2928.67,44.24
25/07/2016,2942.65,43.76
26/07/2016,2997.25,43.56
27/07/2016,3055.15,42.78
28/07/2016,3073.52,41.87
29/07/2016,3091.78,40.76
01/08/2016,3081.75,40.17
02/08/2016,3090.28,40
03/08/2016,3084.81,40.45
04/08/2016,3110.43,41.33
05/08/2016,3079.83,42.47
08/08/2016,3052.80,43.24
09/08/2016,2992.50,43.37
10/08/2016,2974.31,42.19
11/08/2016,2954.90,44.23
12/08/2016,2911.26,45.12
15/08/2016,2908.67,47.31
16/08/2016,2908.67,48.27
17/08/2016,2905.30,48.58
18/08/2016,2918.07,49.46
19/08/2016,2884.02,49.39
22/08/2016,2867.37,48.1
23/08/2016,2883.89,48.7
24/08/2016,2909.10,47.56
25/08/2016,2938.28,49.25
26/08/2016,2915.67,49.66
29/08/2016,2882.69,49.66
30/08/2016,2924.29,47.94
31/08/2016,2933.82,47.94
01/09/2016,2956.53,45.05
02/09/2016,2986.36,45.96
05/09/2016,2957.56,46.72
06/09/2016,2957.56,46.21
07/09/2016,2887.64,47
08/09/2016,2840.38,49.23
09/09/2016,2846.13,48.37
12/09/2016,2899.29,47.82
13/09/2016,2942.29,46.48
14/09/2016,2976.19,45.65
15/09/2016,2972.65,45.83
16/09/2016,2938.50,45.26
19/09/2016,2956.58,46.04
20/09/2016,2928.18,45.24
21/09/2016,2911.11,45.99
22/09/2016,2894.15,47.21
23/09/2016,2862.52,46.71
26/09/2016,2917.95,46.61
27/09/2016,2917.58,44.95
28/09/2016,2921.99,45.49
29/09/2016,2914.11,48.43
30/09/2016,2879.95,48.24
03/10/2016,2880.08,48.61
04/10/2016,2937.23,48.81
05/10/2016,2963.06,49.57
06/10/2016,2964.93,50.14
07/10/2016,2924.80,50.49
10/10/2016,2913.96,51.54
11/10/2016,2913.96,50.48
12/10/2016,2919.51,49.53
13/10/2016,2919.18,49.29
14/10/2016,2930.78,48.87
17/10/2016,2915.67,49.31
18/10/2016,2915.67,49.81
19/10/2016,2905.93,51.85
20/10/2016,2914.15,50.42
21/10/2016,2934.03,50.28
24/10/2016,2944.25,49.8
25/10/2016,2929.83,49.08
26/10/2016,2941.34,48.98
27/10/2016,2965.18,49.13
28/10/2016,2966.61,47.78
31/10/2016,2967.66,46.2
01/11/2016,2998.55,45.77
02/11/2016,3026.68,44.26
03/11/2016,3070.54,43.84
04/11/2016,3071.12,43.06
07/11/2016,3070.40,42.83
08/11/2016,3070.40,43.47
09/11/2016,2984.78,43.88
10/11/2016,3012.12,43.67
11/11/2016,3100.12,41.61
14/11/2016,3100.12,41.83
15/11/2016,3100.12,44.15
16/11/2016,3124.91,45.07
17/11/2016,3131.11,44.57
18/11/2016,3135.65,44.41
21/11/2016,3163.49,45.96
22/11/2016,3144.72,46.1
23/11/2016,3139.76,46.54
24/11/2016,3187.97,47.54
25/11/2016,3187.97,46.32
28/11/2016,3170.64,46.64
29/11/2016,3142.20,44.68
30/11/2016,3165.09,47.95
01/12/2016,3085.60,52.28
02/12/2016,3068.34,52.35
05/12/2016,3061.04,53.3
06/12/2016,3049.47,52.31
07/12/2016,3015.47,51.9
08/12/2016,2989.71,51.6
09/12/2016,2989.71,52.19
12/12/2016,3002.80,53.99
13/12/2016,2984.02,53.28
14/12/2016,2982.29,53.15
15/12/2016,2964.56,51.72
16/12/2016,3000.47,54.15
19/12/2016,2997.20,53.53
20/12/2016,3019.44,54.56
21/12/2016,2988.06,53.01
22/12/2016,2989.14,54.04
23/12/2016,2996.03,53.93
26/12/2016,2996.60,53.93
27/12/2016,2996.60,53.93
28/12/2016,2992.81,54.95
29/12/2016,3019.72,54.97
30/12/2016,3000.71,54.96
02/01/2017,3000.71,54.96
03/01/2017,3000.71,55.05
04/01/2017,2981.06,54.57
05/01/2017,2965.36,54.99
06/01/2017,2941.08,55.9
09/01/2017,2919.01,54.39
10/01/2017,2919.01,53.2
11/01/2017,2949.60,53.61
12/01/2017,2980.80,54.51
13/01/2017,2930.19,54.37
16/01/2017,2935.96,54.3
17/01/2017,2935.96,54.68
18/01/2017,2924.77,53.77
19/01/2017,2934.58,53.18
20/01/2017,2938.24,55.04
23/01/2017,2927.91,54.8
24/01/2017,2908.53,54.7
25/01/2017,2932.01,54.34
26/01/2017,2927.53,55.89
27/01/2017,2936.72,54.8
30/01/2017,2930.17,54.77
31/01/2017,2936.66,55.25
01/02/2017,2921.90,55.79
02/02/2017,2906.78,55.94
03/02/2017,2882.20,55.92
06/02/2017,2855.80,55.02
07/02/2017,2853.99,53.79
08/02/2017,2867.76,54.42
09/02/2017,2879.49,53.98
10/02/2017,2862.63,55.2
13/02/2017,2851.98,54.15
14/02/2017,2875.46,54.96
15/02/2017,2867.64,54.57
16/02/2017,2876.03,54.16
17/02/2017,2875.68,54.48
20/02/2017,2902.81,55.25
21/02/2017,2902.81,56.34
22/02/2017,2902.68,54.9
23/02/2017,2893.55,55.82
24/02/2017,2871.67,54.69
27/02/2017,2886.52,54.65
28/02/2017,2896.27,53.36
01/03/2017,2919.17,55.72
02/03/2017,2935.75,54.16
03/03/2017,2960.91,54.12
06/03/2017,2977.43,54.73
07/03/2017,2966.67,54.61
08/03/2017,2972.44,53.3
09/03/2017,2987.88,50.65
10/03/2017,3004.43,50.63
13/03/2017,2980.83,50.1
14/03/2017,2987.93,49.6
15/03/2017,2997.73,50.63
16/03/2017,2972.61,50.56
17/03/2017,2923.96,50.58
20/03/2017,2912.53,50.67
21/03/2017,2912.53,50.14
22/03/2017,2904.87,49.56
23/03/2017,2936.82,50.17
24/03/2017,2921.25,49.97
27/03/2017,2899.94,50.12
28/03/2017,2913.48,50.72
29/03/2017,2911.99,51.36
30/03/2017,2888.02,52.25
31/03/2017,2880.24,52.2
03/04/2017,2885.57,52.04
04/04/2017,2866.87,53.08
05/04/2017,2869.32,53.41
06/04/2017,2857.65,53.62
07/04/2017,2853.10,54.24
10/04/2017,2858.00,54.79
11/04/2017,2867.13,54.73
12/04/2017,2868.60,54.75
13/04/2017,2872.55,55.05
14/04/2017,2872.55,55.05
17/04/2017,2872.55,54.79
18/04/2017,2854.89,52.6
19/04/2017,2837.90,52.43
20/04/2017,2856.48,50.66
21/04/2017,2863.39,49.93
24/04/2017,2868.89,49.45
25/04/2017,2871.98,49.37
26/04/2017,2899.13,49.99
27/04/2017,2928.07,49.46
28/04/2017,2944.31,49.46
01/05/2017,2947.85,50.41
02/05/2017,2947.85,49.31
03/05/2017,2945.53,48.82
04/05/2017,2930.17,47.53
05/05/2017,2967.44,47.45
08/05/2017,2961.78,46.61
09/05/2017,2959.26,47.06
10/05/2017,2967.24,48.09
11/05/2017,2949.35,49.18
12/05/2017,2933.92,49.08
15/05/2017,2918.69,51.29
16/05/2017,2883.87,51.21
17/05/2017,2873.22,51.76
18/05/2017,2893.40,51.71
19/05/2017,2932.16,52.78
22/05/2017,2889.45,53.35
23/05/2017,2895.12,53.19
24/05/2017,2904.61,53.29
25/05/2017,2905.29,52.25
26/05/2017,2911.66,50.84
29/05/2017,2913.47,52.25
30/05/2017,2913.47,50.65
31/05/2017,2920.42,49.4
01/06/2017,2921.00,50.41
02/06/2017,2895.73,48.46
05/06/2017,2894.72,48.25
06/06/2017,2895.85,48.11
07/06/2017,2893.76,47.08
08/06/2017,2907.10,46.3
09/06/2017,2919.82,46.64
12/06/2017,2919.58,47.18
13/06/2017,2929.20,46.95
14/06/2017,2933.13,45.47
15/06/2017,2924.75,45.61
16/06/2017,2953.83,45.7
19/06/2017,2961.68,45.93
20/06/2017,2961.68,43.98
21/06/2017,3029.53,44.62
22/06/2017,3053.90,44.46
23/06/2017,3035.83,44.14
26/06/2017,3010.68,44.09
27/06/2017,3010.68,46.17
28/06/2017,3025.28,46.45
29/06/2017,3023.64,47.02
30/06/2017,3038.26,47.08
03/07/2017,3050.43,49.13
04/07/2017,3050.43,49.15
05/07/2017,3050.43,47.58
06/07/2017,3068.93,48.53
07/07/2017,3084.19,46.47
10/07/2017,3092.65,46.57
11/07/2017,3067.33,46.68
12/07/2017,3067.73,46.73
13/07/2017,3052.30,47.65
14/07/2017,3043.60,47.89
17/07/2017,3019.56,47.66
18/07/2017,3030.60,47.92
19/07/2017,3013.26,48.34
20/07/2017,3010.00,48.54
21/07/2017,3010.00,47.47
24/07/2017,3010.77,47.81
25/07/2017,3023.67,49.19
26/07/2017,3026.55,50.08
27/07/2017,3026.22,50.67
28/07/2017,3002.94,52
31/07/2017,2995.23,51.99
01/08/2017,2997.59,50.77
02/08/2017,2973.03,52.09
03/08/2017,2964.66,52.88
04/08/2017,2954.54,52.48
07/08/2017,2974.39,51.42
08/08/2017,2974.39,52.18
09/08/2017,2994.62,52.16
10/08/2017,3011.14,52.59
11/08/2017,2994.85,51.47
14/08/2017,2984.99,51.29
15/08/2017,2966.54,49.9
16/08/2017,2974.70,50.39
17/08/2017,2967.32,50.37
18/08/2017,2980.03,50.96
21/08/2017,2994.39,51.94
22/08/2017,2994.39,52.29
23/08/2017,2986.83,52.31
24/08/2017,2986.88,51.73
25/08/2017,2972.98,51.87
28/08/2017,2933.96,51.87
29/08/2017,2934.23,51.64
30/08/2017,2940.35,51.91
31/08/2017,2937.09,52.69
01/09/2017,2948.09,53.15
04/09/2017,2936.07,52.6
05/09/2017,2936.07,53.63
06/09/2017,2923.49,54.48
07/09/2017,2919.50,54.16
08/09/2017,2907.96,54.55
11/09/2017,2909.15,54.2
12/09/2017,2916.10,55.06
13/09/2017,2923.03,55.52
14/09/2017,2909.52,56.76
15/09/2017,2905.98,56.18
18/09/2017,2897.83,55.5
19/09/2017,2906.06,56.58
20/09/2017,2904.60,57.2
21/09/2017,2893.18,57.73
22/09/2017,2913.96,58.16
25/09/2017,2900.73,59.42
26/09/2017,2924.57,59.77
27/09/2017,2930.70,58.74
28/09/2017,2940.66,58.8
29/09/2017,2941.07,57.02
02/10/2017,2936.67,55.67
03/10/2017,2949.33,56.12
04/10/2017,2953.81,56
05/10/2017,2945.59,57.09
06/10/2017,2926.82,55.5
09/10/2017,2942.19,55.29
10/10/2017,2942.19,56.62
11/10/2017,2947.06,56.13
12/10/2017,2953.77,56.13
13/10/2017,2949.69,56.86
16/10/2017,2932.05,57.49
17/10/2017,2932.05,57.63
18/10/2017,2944.27,58.05
19/10/2017,2935.66,57.82
20/10/2017,2921.92,57.89
23/10/2017,2936.66,57.69
24/10/2017,2947.69,57.84
25/10/2017,2971.36,58.45
26/10/2017,2989.39,58.75
27/10/2017,3008.80,60.15
30/10/2017,3009.85,60.65
31/10/2017,3011.44,61.35
01/11/2017,3039.19,60.98
02/11/2017,3038.56,60.79
03/11/2017,3054.38,61.42
06/11/2017,3055.57,64.27
07/11/2017,3055.57,64.36
08/11/2017,3026.94,63.96
09/11/2017,3017.78,64.49
10/11/2017,3015.52,64.35
13/11/2017,3004.88,62.94
14/11/2017,3004.88,60.91
15/11/2017,3016.70,61.25
16/11/2017,3023.88,61.18
17/11/2017,3015.79,61.34
20/11/2017,3003.19,61.34
21/11/2017,3011.32,62.28
22/11/2017,3001.07,62.92
23/11/2017,2982.73,63.27
24/11/2017,2982.73,63.58
27/11/2017,2976.39,63.25
28/11/2017,2986.84,63.56
29/11/2017,3003.94,63.74
30/11/2017,3006.09,63.53
01/12/2017,3006.04,64.57
04/12/2017,3005.76,63.45
05/12/2017,2993.49,63.45
06/12/2017,2996.53,62.25
07/12/2017,3007.07,62.37
08/12/2017,3016.18,63.86
11/12/2017,3016.18,65.62
12/12/2017,3013.99,64.96
13/12/2017,3029.75,63.66
14/12/2017,3015.41,63.72
15/12/2017,2999.07,63.81
18/12/2017,2996.61,64.45
19/12/2017,2975.59,63.69
20/12/2017,2972.05,64.43
21/12/2017,2965.77,64.64
22/12/2017,2963.58,64.61
25/12/2017,2962.14,64.61
26/12/2017,2962.14,64.61
27/12/2017,2962.26,66.03
28/12/2017,2971.63,66.8
29/12/2017,2984.00,66.73
01/01/2018,2984.00,66.73
02/01/2018,2984.00,66.65
03/01/2018,2940.94,67.85
04/01/2018,2908.68,68.73
05/01/2018,2885.76,68.01
08/01/2018,2898.32,68.48
09/01/2018,2898.32,69.08
10/01/2018,2914.37,69.79
11/01/2018,2895.69,70.36
12/01/2018,2865.79,69.64
15/01/2018,2855.86,70.31
16/01/2018,2855.86,69.4
17/01/2018,2868.03,69.19
18/01/2018,2851.13,69.48
19/01/2018,2836.85,68.56
22/01/2018,2851.75,69.32
23/01/2018,2854.20,69.81
24/01/2018,2858.50,69.91
25/01/2018,2820.53,71.08
26/01/2018,2783.13,70.08
29/01/2018,2805.12,68.41
30/01/2018,2842.67,67.78
31/01/2018,2844.14,67.78
01/02/2018,2835.05,68.6
02/02/2018,2806.67,67.45
05/02/2018,2832.13,67.69
06/02/2018,2843.60,66.75
07/02/2018,2844.83,65.74
08/02/2018,2830.89,64.26
09/02/2018,2862.78,63.04
12/02/2018,2908.70,62.2
13/02/2018,2904.29,61.94
14/02/2018,2904.71,62.29
15/02/2018,2895.79,62.86
16/02/2018,2851.74,64.3
19/02/2018,2853.16,64.95
20/02/2018,2853.16,64.68
21/02/2018,2862.01,64.81
22/02/2018,2877.94,66.12
23/02/2018,2877.04,67.04
26/02/2018,2849.59,67.96
27/02/2018,2849.91,67.59
28/02/2018,2855.93,66.08
01/03/2018,2867.94,64.23
02/03/2018,2879.05,64.26
05/03/2018,2879.15,65.78
06/03/2018,2859.09,65.67
07/03/2018,2845.05,65.09
08/03/2018,2858.88,63.87
09/03/2018,2871.36,65.19
12/03/2018,2866.93,64.53
13/03/2018,2851.84,64.2
14/03/2018,2848.38,63.61
15/03/2018,2845.76,63.67
16/03/2018,2850.04,64.68
19/03/2018,2852.48,64.82
20/03/2018,2852.48,66
21/03/2018,2866.92,68.15
22/03/2018,2850.69,68.98
23/03/2018,2857.88,69.03
26/03/2018,2849.01,68.81
27/03/2018,2816.33,68.63
28/03/2018,2780.04,68.13
29/03/2018,2780.47,69.02
30/03/2018,2780.47,69.02
02/04/2018,2780.47,69.02
03/04/2018,2792.96,69.02
04/04/2018,2778.27,66.04
05/04/2018,2791.57,66.54
06/04/2018,2787.36,66.51
09/04/2018,2791.88,68.19
10/04/2018,2781.95,70.67
11/04/2018,2767.82,72.74
12/04/2018,2733.24,71.44
13/04/2018,2710.03,73.18
16/04/2018,2705.34,72.05
17/04/2018,2726.47,71.71
18/04/2018,2725.66,73.73
19/04/2018,2705.64,74.85
20/04/2018,2724.47,74.62
23/04/2018,2757.96,74.54
24/04/2018,2799.45,75.86
25/04/2018,2785.22,73.79
26/04/2018,2820.29,75.39
27/04/2018,2812.83,75.33
30/04/2018,2806.28,75.92
01/05/2018,2809.92,74.85
02/05/2018,2809.92,73.14
03/05/2018,2831.99,73.45
04/05/2018,2857.85,74.75
07/05/2018,2843.41,74.75
08/05/2018,2817.20,74.16
09/05/2018,2866.00,77.6
10/05/2018,2859.51,77.59
11/05/2018,2822.37,77.37
14/05/2018,2824.05,78.17
15/05/2018,2824.05,78.94
16/05/2018,2889.87,78.19
17/05/2018,2865.37,80.09
18/05/2018,2886.23,78.38
21/05/2018,2925.67,78.34
22/05/2018,2897.37,80.42
23/05/2018,2851.42,78.69
24/05/2018,2863.24,78.9
25/05/2018,2863.12,76.6
28/05/2018,2887.16,76.6
29/05/2018,2887.16,74.51
30/05/2018,2893.82,75.89
31/05/2018,2879.32,76.45
01/06/2018,2889.32,74.54
04/06/2018,2868.22,73.41
05/06/2018,2868.22,72.91
06/06/2018,2865.37,73.23
07/06/2018,2828.42,75.23
08/06/2018,2835.78,75.11
11/06/2018,2855.80,74.58
12/06/2018,2855.80,74.86
13/06/2018,2857.11,75.07
14/06/2018,2859.17,74.77
15/06/2018,2859.78,72.02
18/06/2018,2890.06,74.87
19/06/2018,2919.14,74.92
20/06/2018,2931.78,74.25
21/06/2018,2916.49,72.87
22/06/2018,2944.82,73.67
25/06/2018,2918.22,72.82
26/06/2018,2927.67,73.58
27/06/2018,2924.10,76.09
28/06/2018,2934.91,76.26
29/06/2018,2945.09,77.44
02/07/2018,2930.80,76.71
03/07/2018,2930.80,75.87
04/07/2018,2909.83,76.99
05/07/2018,2909.83,77.09
06/07/2018,2885.53,74.98
09/07/2018,2867.94,77.08
10/07/2018,2881.09,77.8
11/07/2018,2872.62,75.35
12/07/2018,2880.10,72.11
13/07/2018,2882.02,74.11
16/07/2018,2861.70,71.03
17/07/2018,2868.96,70.87
18/07/2018,2878.28,70.52
19/07/2018,2876.93,71.94
20/07/2018,2883.81,71.99
23/07/2018,2883.81,73.45
24/07/2018,2897.73,73.53
25/07/2018,2898.36,73.67
26/07/2018,2882.84,74.51
27/07/2018,2886.21,74.84
30/07/2018,2880.79,74.99
31/07/2018,2875.72,74.16
01/08/2018,2886.80,72.28
02/08/2018,2892.62,72.95
03/08/2018,2904.90,72.48
06/08/2018,2898.99,72.51
07/08/2018,2898.86,72.31
08/08/2018,2898.86,70.71
09/08/2018,2908.90,70.55
10/08/2018,2919.44,71
13/08/2018,2940.95,70.62
14/08/2018,2983.93,70.77
15/08/2018,3002.66,68.38
16/08/2018,3046.76,69.21
17/08/2018,3019.55,70.14
20/08/2018,3024.02,71.11
21/08/2018,3024.02,71.65
22/08/2018,2990.78,72.96
23/08/2018,2965.45,73.73
24/08/2018,2980.64,74.41
27/08/2018,2958.45,74.41
28/08/2018,2934.31,75.91
29/08/2018,2966.00,76.07
30/08/2018,2999.57,77.05
31/08/2018,3027.39,76.94
03/09/2018,3053.14,77.81
04/09/2018,3053.14,77.51
05/09/2018,3088.47,76.68
06/09/2018,3100.37,75.67
07/09/2018,3089.47,75.55
10/09/2018,3070.15,76.77
11/09/2018,3069.49,78.22
12/09/2018,3087.73,80.02
13/09/2018,3055.01,77.66
14/09/2018,3019.38,77.87
17/09/2018,3026.05,78.22
18/09/2018,3013.38,79.25
19/09/2018,3007.03,79.43
20/09/2018,3018.63,79.03
21/09/2018,3014.18,78.9
24/09/2018,3006.96,80.89
25/09/2018,2991.90,82.21
26/09/2018,3001.88,81.87
27/09/2018,3000.14,81.54
28/09/2018,2989.58,82.72
01/10/2018,2972.18,84.94
02/10/2018,2993.74,85.63
03/10/2018,3005.50,85.45
04/10/2018,3012.65,86.07
05/10/2018,3028.16,85.12
08/10/2018,3031.31,84.22
09/10/2018,3031.31,85.16
10/10/2018,3057.55,83.82
11/10/2018,3090.30,81.35
12/10/2018,3087.34,80.71
15/10/2018,3088.78,80.91
16/10/2018,3088.78,80.53
17/10/2018,3055.93,79.91
18/10/2018,3056.37,80.3
19/10/2018,3088.47,80.38
22/10/2018,3079.88,80.45
23/10/2018,3087.58,78.67
24/10/2018,3110.20,77.34
25/10/2018,3149.70,77.3
26/10/2018,3167.18,77.4
29/10/2018,3185.26,77.56
30/10/2018,3188.69,75.68
31/10/2018,3202.44,74.84
01/11/2018,3219.85,71.25
02/11/2018,3193.80,71.11
05/11/2018,3177.57,72.68
06/11/2018,3177.57,70.64
07/11/2018,3154.55,70.1
08/11/2018,3140.25,69.29
09/11/2018,3145.39,69.01
12/11/2018,3176.89,69.81
13/11/2018,3176.89,65.45
14/11/2018,3197.20,64.88
15/11/2018,3194.70,65.61
16/11/2018,3198.29,65.29
19/11/2018,3173.59,64.14
20/11/2018,3178.81,61.5
21/11/2018,3189.51,61.65
22/11/2018,3196.26,61.11
23/11/2018,3196.26,57.69
26/11/2018,3223.95,59.7
27/11/2018,3240.65,59.58
28/11/2018,3250.56,57.97
29/11/2018,3274.47,58.29
30/11/2018,3240.02,57.71
03/12/2018,3235.27,60.17
04/12/2018,3196.15,61.22
05/12/2018,3174.11,61.4
06/12/2018,3162.29,57.83
07/12/2018,3187.86,61.71
10/12/2018,3153.29,60.29
11/12/2018,3176.12,59.73
12/12/2018,3184.70,59.94
13/12/2018,3169.36,59.03
14/12/2018,3178.40,58.56
17/12/2018,3196.30,57.59
18/12/2018,3188.66,55.26
19/12/2018,3198.45,55.6
20/12/2018,3216.55,52.84
21/12/2018,3246.86,51.93
24/12/2018,3285.34,51.93
25/12/2018,3285.51,51.93
26/12/2018,3285.51,51.93
27/12/2018,3289.69,51.49
28/12/2018,3275.01,50.57
31/12/2018,3249.75,50.57
01/01/2019,3249.75,50.57
02/01/2019,3249.75,54.06
03/01/2019,3250.01,53.23
04/01/2019,3241.20,55.64
07/01/2019,3208.56,57.1
08/01/2019,3208.56,56.91
09/01/2019,3164.75,59.46
10/01/2019,3128.07,60.47
11/01/2019,3136.49,59.24
14/01/2019,3151.49,58.8
15/01/2019,3143.22,58.65
16/01/2019,3137.66,59.81
17/01/2019,3124.96,59.85
18/01/2019,3140.19,62.04
21/01/2019,3120.56,62.18
22/01/2019,3120.56,60.9
23/01/2019,3136.59,61.05
24/01/2019,3146.14,61.09
25/01/2019,3160.52,61.49
28/01/2019,3150.58,59.71
29/01/2019,3167.86,60.98
30/01/2019,3157.52,61.89
31/01/2019,3163.46,62.46
01/02/2019,3115.70,61.86
04/02/2019,3102.61,62.26
05/02/2019,3089.40,61.67
06/02/2019,3094.05,62.22
07/02/2019,3108.54,61.01
08/02/2019,3110.46,61.37
11/02/2019,3115.94,61.3
12/02/2019,3132.61,62.58
13/02/2019,3131.10,63.27
14/02/2019,3135.56,64
15/02/2019,3155.27,65.65
18/02/2019,3141.40,66.41
19/02/2019,3141.40,65.86
20/02/2019,3118.36,66.82
21/02/2019,3112.18,66.91
22/02/2019,3119.42,66.91
25/02/2019,3110.29,64.02
26/02/2019,3101.41,64.51
27/02/2019,3095.29,65.55
28/02/2019,3072.01,65.03
01/03/2019,3077.35,63.71
04/03/2019,3091.49,64.44
05/03/2019,3093.79,64.24
06/03/2019,3099.12,64.51
07/03/2019,3106.16,64.82
08/03/2019,3120.04,65.66
11/03/2019,3162.40,65.06
12/03/2019,3168.35,65.33
13/03/2019,3153.20,65.89
14/03/2019,3145.53,66.18
15/03/2019,3144.42,66.11
18/03/2019,3123.28,66.65
19/03/2019,3102.25,67.13
20/03/2019,3095.39,68.35
21/03/2019,3092.39,68.3
22/03/2019,3082.45,66.29
25/03/2019,3126.19,67.37
26/03/2019,3126.19,67.51
27/03/2019,3145.55,67.35
28/03/2019,3186.43,66.08
29/03/2019,3190.94,67.93
01/04/2019,3174.79,69.08
02/04/2019,3146.81,69.68
03/04/2019,3143.36,69.21
04/04/2019,3128.47,69.8
05/04/2019,3132.78,69.93
08/04/2019,3126.20,71.12
09/04/2019,3115.22,71.02
10/04/2019,3105.20,71.63
11/04/2019,3095.66,71.3
12/04/2019,3113.91,71.57
15/04/2019,3109.32,70.9
16/04/2019,3136.69,70.74
17/04/2019,3160.87,71.14
18/04/2019,3160.48,70.71
19/04/2019,3160.48,70.71
22/04/2019,3160.48,70.71
23/04/2019,3149.99,74.39
24/04/2019,3177.94,73.59
25/04/2019,3213.23,74.94
26/04/2019,3237.98,71.03
29/04/2019,3227.79,71.22
30/04/2019,3247.72,72.19
01/05/2019,3233.97,72.01
02/05/2019,3233.97,70.56
03/05/2019,3262.17,71.95
06/05/2019,3240.44,71.95
07/05/2019,3254.03,70.98
08/05/2019,3288.81,71.09
09/05/2019,3290.12,70.61
10/05/2019,3293.62,71.63
13/05/2019,3274.30,72.35
14/05/2019,3299.01,72.53
15/05/2019,3285.14,73.09
16/05/2019,3295.51,74.7
17/05/2019,3290.27,73.94
20/05/2019,3313.72,73.21
21/05/2019,3342.21,72.94
22/05/2019,3344.45,71.94
23/05/2019,3340.96,68.37
24/05/2019,3368.76,67.98
27/05/2019,3358.84,67.98
28/05/2019,3358.84,70.19
29/05/2019,3362.48,70.64
30/05/2019,3375.29,69.55
31/05/2019,3357.82,66.78
03/06/2019,3377.16,63.16
04/06/2019,3377.16,63.56
05/06/2019,3306.37,62.14
06/06/2019,3296.87,62.77
07/06/2019,3288.69,64.1
10/06/2019,3274.72,64.31
11/06/2019,3257.06,63.56
12/06/2019,3249.56,61.66
13/06/2019,3264.47,63.28
14/06/2019,3266.72,63.13
17/06/2019,3270.70,62.56
18/06/2019,3286.63,63.35
19/06/2019,3264.98,62.85
20/06/2019,3248.91,65.44
21/06/2019,3202.01,65.99
24/06/2019,3191.17,65.16
25/06/2019,3191.17,66.24
26/06/2019,3187.15,66.85
27/06/2019,3177.94,66.78
28/06/2019,3197.23,67.52
01/07/2019,3205.67,65.1
02/07/2019,3205.67,62.72
03/07/2019,3211.06,63.53
04/07/2019,3206.92,63.62
05/07/2019,3206.92,64.23
08/07/2019,3217.18,64.89
09/07/2019,3207.66,64.3
10/07/2019,3223.67,66.41
11/07/2019,3212.91,67.64
12/07/2019,3197.50,66.65
15/07/2019,3190.33,66.86
16/07/2019,3190.66,65.87
17/07/2019,3199.72,63.67
18/07/2019,3189.21,60.7
19/07/2019,3183.01,61.04
22/07/2019,3169.51,61.96
23/07/2019,3177.76,62.28
24/07/2019,3188.01,63.83
25/07/2019,3194.67,63.47
26/07/2019,3213.09,62.46
29/07/2019,3233.26,62.29
30/07/2019,3262.81,62.55
31/07/2019,3296.85,64.07
01/08/2019,3291.79,62.9
02/08/2019,3329.23,61.12
05/08/2019,3365.78,59.32
06/08/2019,3459.47,58.63
07/08/2019,3431.28,55.03
08/08/2019,3431.28,56.29
09/08/2019,3394.61,57.37
12/08/2019,3382.71,57.13
13/08/2019,3436.26,59.9
14/08/2019,3407.76,57.86
15/08/2019,3449.27,57.37
16/08/2019,3447.76,59
19/08/2019,3441.40,59.79
20/08/2019,3441.40,59.03
21/08/2019,3420.99,60.6
22/08/2019,3385.28,59.81
23/08/2019,3376.99,58.64
26/08/2019,3399.95,58.64
27/08/2019,3432.85,58.44
28/08/2019,3457.89,60.42
29/08/2019,3477.53,60.59
30/08/2019,3464.15,61.04
02/09/2019,3427.29,58.55
03/09/2019,3427.29,57.93
04/09/2019,3438.61,60.68
05/09/2019,3401.04,62.7
06/09/2019,3377.39,61.28
09/09/2019,3361.70,63.99
10/09/2019,3368.80,64.67
11/09/2019,3373.75,63.02
12/09/2019,3372.48,60.76
13/09/2019,3359.20,61.25
16/09/2019,3356.15,68.42
17/09/2019,3364.43,65.59
18/09/2019,3380.92,64.29
19/09/2019,3377.79,64.25
20/09/2019,3377.72,65.23
23/09/2019,3402.32,64.66
24/09/2019,3437.78,64.13
25/09/2019,3438.66,62.41
26/09/2019,3451.02,62.08
27/09/2019,3435.71,62.48
30/09/2019,3462.01,60.99
01/10/2019,3477.45,60.06
02/10/2019,3491.29,57.92
03/10/2019,3497.34,58.01
04/10/2019,3467.60,59.13
07/10/2019,3430.28,59.46
08/10/2019,3445.76,58.14
09/10/2019,3452.57,59.7
10/10/2019,3454.56,59.08
11/10/2019,3458.42,60.59
14/10/2019,3431.46,58.81
15/10/2019,3431.46,59.19
16/10/2019,3451.33,59.3
17/10/2019,3459.55,59.35
18/10/2019,3465.35,59.96
21/10/2019,3428.63,58.95
22/10/2019,3442.78,60.5
23/10/2019,3430.30,60.52
24/10/2019,3409.29,61.71
25/10/2019,3387.72,62.06
28/10/2019,3395.25,60.39
29/10/2019,3382.19,61.05
30/10/2019,3380.90,60.22
31/10/2019,3389.94,59.3
01/11/2019,3383.29,60.17
04/11/2019,3339.19,62.52
05/11/2019,3339.19,62.72
06/11/2019,3318.47,62.11
07/11/2019,3319.64,62.6
08/11/2019,3327.02,62
11/11/2019,3341.01,62.58
12/11/2019,3341.01,62.19
13/11/2019,3384.21,62.27
14/11/2019,3441.89,62.46
15/11/2019,3452.67,63.32
18/11/2019,3421.26,62.82
19/11/2019,3447.74,62.37
20/11/2019,3434.49,63.8
21/11/2019,3445.95,64.99
22/11/2019,3440.66,64.83
25/11/2019,3410.77,64.67
26/11/2019,3433.94,64.82
27/11/2019,3469.01,65.03
28/11/2019,3502.92,64.68
29/11/2019,3502.92,64.5
02/12/2019,3522.48,63.2
03/12/2019,3508.39,62.95
04/12/2019,3506.67,65.25
05/12/2019,3478.57,65.67
06/12/2019,3459.97,66.5
09/12/2019,3430.31,66.44
10/12/2019,3418.48,66.57
11/12/2019,3418.61,65.37
12/12/2019,3387.73,66.67
13/12/2019,3372.23,67.44
16/12/2019,3374.29,68.04
17/12/2019,3364.24,68.99
18/12/2019,3347.86,69.12
19/12/2019,3329.98,69.7
20/12/2019,3322.38,68.66
23/12/2019,3325.47,67.49
24/12/2019,3316.92,69.26
25/12/2019,3305.84,69.26
26/12/2019,3305.84,69.26
27/12/2019,3281.40,68.91
30/12/2019,3294.05,68.3
31/12/2019,3277.14,67.77
01/01/2020,3277.14,67.77
02/01/2020,3277.14,67.05
03/01/2020,3258.84,69.08
06/01/2020,3262.05,70.25
07/01/2020,3262.05,68.74
08/01/2020,3264.26,67.31
09/01/2020,3254.42,66.58
10/01/2020,3253.89,66.77
13/01/2020,3272.62,64.14
14/01/2020,3288.05,64.45
15/01/2020,3278.83,63.29
16/01/2020,3296.74,64.63
17/01/2020,3313.40,64.05
20/01/2020,3320.77,64.63
21/01/2020,3320.77,63.66
22/01/2020,3347.91,62.11
23/01/2020,3337.77,61.26
24/01/2020,3353.76,59.34
27/01/2020,3366.01,58.54
28/01/2020,3398.40,59.37
29/01/2020,3392.60,59.46
30/01/2020,3395.10,57.72
31/01/2020,3411.45,57.77
03/02/2020,3423.24,54
04/02/2020,3401.56,53.9
05/02/2020,3368.87,55.36
06/02/2020,3355.44,55.18
07/02/2020,3378.43,54.53
10/02/2020,3408.35,53.39
11/02/2020,3440.96,54
12/02/2020,3432.89,55.54
13/02/2020,3394.80,56.34
14/02/2020,3385.11,57.37
17/02/2020,3378.29,57.83
18/02/2020,3378.29,57.35
19/02/2020,3410.24,59.72
20/02/2020,3400.98,59.57
21/02/2020,3403.50,58.6
24/02/2020,3398.05,56.71
25/02/2020,3431.60,55.29
26/02/2020,3425.22,54.96
27/02/2020,3441.88,52.19
28/02/2020,3507.11,51.31
02/03/2020,3539.86,52.52
03/03/2020,3512.17,52.24
04/03/2020,3455.56,51.86
05/03/2020,3458.45,51.29
06/03/2020,3522.41,45.6
09/03/2020,3584.58,35.33
10/03/2020,3803.60,35.57
11/03/2020,3780.39,34.45
12/03/2020,3835.15,31.02
13/03/2020,4034.66,32.25
16/03/2020,3941.92,27.98
17/03/2020,4099.93,27.97
18/03/2020,4044.55,22.79
19/03/2020,4128.38,23.98
20/03/2020,4153.91,25.55
23/03/2020,4079.96,23.75
24/03/2020,4079.96,24.5
25/03/2020,4104.90,25.62
26/03/2020,4086.34,23.55
27/03/2020,3995.83,22.39
30/03/2020,4042.80,19.19
31/03/2020,4064.81,14.85
01/04/2020,4054.54,14.97
02/04/2020,4081.06,20.24
03/04/2020,4065.50,24.33
06/04/2020,4008.78,22.58
07/04/2020,3978.38,22.1
08/04/2020,3910.15,25.22
09/04/2020,3886.79,20.23
10/04/2020,3886.79,20.23
13/04/2020,3886.79,20.23
14/04/2020,3870.31,21.74
15/04/2020,3858.21,19.8
16/04/2020,3920.83,18.69
17/04/2020,3942.92,19.75
20/04/2020,3973.06,17.36
21/04/2020,3967.76,9.12
22/04/2020,4045.01,13.77
23/04/2020,4037.95,15.06
24/04/2020,4020.94,15.87
27/04/2020,4039.87,15.17
28/04/2020,4039.83,15.6
29/04/2020,4046.04,17.86
30/04/2020,3983.29,18.11
01/05/2020,3932.72,18.49
04/05/2020,3932.72,20.4
05/05/2020,3990.10,25.46
06/05/2020,3926.07,24.2
07/05/2020,3961.66,24.23
08/05/2020,3924.54,24.23
11/05/2020,3882.27,25.53
12/05/2020,3901.34,26.67
13/05/2020,3880.48,27.89
14/05/2020,3901.30,29.87
15/05/2020,3947.79,30.95
18/05/2020,3926.06,33.3
19/05/2020,3851.07,33.06
20/05/2020,3824.30,34.76
21/05/2020,3804.12,34.78
22/05/2020,3774.25,33.8
25/05/2020,3782.66,33.8
26/05/2020,3782.66,33.95
27/05/2020,3725.56,32.73
28/05/2020,3743.79,33.98
29/05/2020,3723.42,34.15
01/06/2020,3718.82,36.74
02/06/2020,3716.35,37.72
03/06/2020,3651.42,37.98
04/06/2020,3588.89,38.41
05/06/2020,3597.47,41
08/06/2020,3565.06,39.66
09/06/2020,3599.00,40.45
10/06/2020,3643.02,41.18
11/06/2020,3674.81,37.76
12/06/2020,3746.46,38.54
15/06/2020,3758.15,39.44
16/06/2020,3758.15,40.75
17/06/2020,3741.88,40.47
18/06/2020,3749.03,41.75
19/06/2020,3760.22,42.33
22/06/2020,3733.27,43.2
23/06/2020,3733.27,42.72
24/06/2020,3706.06,40.4
25/06/2020,3722.27,41.18
26/06/2020,3735.93,40.97
29/06/2020,3758.91,41.58
30/06/2020,3758.91,41.64
01/07/2020,3756.28,42.18
02/07/2020,3723.67,43.19
03/07/2020,3660.18,42.92
06/07/2020,3645.90,42.73
07/07/2020,3633.32,43.28
08/07/2020,3631.54,43.67
09/07/2020,3625.61,42.35
10/07/2020,3633.42,43.27
13/07/2020,3615.75,42.85
14/07/2020,3617.22,42.97
15/07/2020,3638.22,43.96
16/07/2020,3611.61,43.71
17/07/2020,3627.86,43.53
20/07/2020,3651.93,43.3
21/07/2020,3651.93,44.31
22/07/2020,3628.20,43.98
23/07/2020,3627.28,42.96
24/07/2020,3660.15,43.29
27/07/2020,3690.80,43.39
28/07/2020,3679.17,43.11
29/07/2020,3718.69,43.51
30/07/2020,3716.89,42.98
31/07/2020,3739.49,43.13
03/08/2020,3733.08,43.76
04/08/2020,3768.39,43.99
05/08/2020,3792.98,44.92
06/08/2020,3775.95,45.04
07/08/2020,3769.67,44.07
10/08/2020,3769.67,44.19
11/08/2020,3770.22,43.68
12/08/2020,3749.30,45.09
13/08/2020,3755.61,44.87
14/08/2020,3767.05,44.86
17/08/2020,3783.15,44.91
18/08/2020,3783.15,45.34
19/08/2020,3784.15,45.21
20/08/2020,3766.73,44.56
21/08/2020,3792.13,43.94
24/08/2020,3827.27,44.43
25/08/2020,3843.69,46.01
26/08/2020,3867.32,45.79
27/08/2020,3846.64,44.84
28/08/2020,3820.17,45.22
31/08/2020,3760.38,45.22
01/09/2020,3745.41,45.72
02/09/2020,3683.28,42.7
03/09/2020,3653.70,42.72
04/09/2020,3653.23,41.1
07/09/2020,3702.62,40.67
08/09/2020,3702.62,38.53
09/09/2020,3757.21,39.98
10/09/2020,3717.25,39.27
11/09/2020,3700.28,38.8
14/09/2020,3709.00,38.57
15/09/2020,3697.00,39.54
16/09/2020,3683.49,41.23
17/09/2020,3703.86,42.35
18/09/2020,3714.65,42.16
21/09/2020,3725.37,40.37
22/09/2020,3790.54,40.84
23/09/2020,3813.30,41.09
24/09/2020,3863.60,41.24
25/09/2020,3873.80,40.91
28/09/2020,3867.81,41.59
29/09/2020,3859.90,40.33
30/09/2020,3878.94,40.3
01/10/2020,3865.47,39.75
02/10/2020,3842.34,38
05/10/2020,3881.80,39.78
06/10/2020,3843.75,41.27
07/10/2020,3826.77,40.62
08/10/2020,3837.79,42
09/10/2020,3839.73,41.63
12/10/2020,3824.25,40.5
13/10/2020,3824.25,41.34
14/10/2020,3856.32,41.34
15/10/2020,3843.59,41.34
16/10/2020,3854.47,41.34
